createTime|dependencyTime|fromId|toId|amount|startTime|endTime|TRUNCATION_LIMIT|TRUNCATION_ORDER|AMOUNT_THRESHOLD|RATIO_THRESHOLD
1669692778363|1659942914141|4878805771325801931|4810125877008402855|8935750.252908258|1669692778363|1672523153535|500|TIMESTAMP_DESCENDING|1000|1.0
1669699590659|1665648842334|0285697101361317711|0243194379878008381|7505447.667804758|1669692778363|1672523153535|500|TIMESTAMP_DESCENDING|1000|1.0
1669717206794|1647180147010|0177610710304425816|0225461456345237296|8336894.378177691|1669692778363|1672523153535|500|TIMESTAMP_DESCENDING|1000|1.0
1669719084391|1627171989316|4761712181014170969|4772126755152462474|4998863.647894502|1669692778363|1672523153535|500|TIMESTAMP_DESCENDING|1000|1.0
1669739976513|1661406524088|0124411939706111170|0271904827502495072|5444701.367569561|1669692778363|1672523153535|500|TIMESTAMP_DESCENDING|1000|1.0
1669740780003|1645674020308|4832362400168543211|4789578203708523329|1607447.6709615926|1669692778363|1672523153535|500|TIMESTAMP_DESCENDING|1000|1.0
1669741014639|1645038642436|4830392075331569303|4767623155525093005|4193931.874831389|1669692778363|1672523153535|500|TIMESTAMP_DESCENDING|1000|1.0
1669746553586|1663275810064|4805903752357741238|4889501820440805899|7612581.205799174|1669692778363|1672523153535|500|TIMESTAMP_DESCENDING|1000|1.0
1669748726457|1662939257828|0276971377083287022|4865857922397112558|1389610.570286275|1669692778363|1672523153535|500|TIMESTAMP_DESCENDING|1000|1.0
1669749795494|1652137096298|4806185227334452667|4853473023421842851|6771741.211666755|1669692778363|1672523153535|500|TIMESTAMP_DESCENDING|1000|1.0
1669762144361|1643716955936|0214202457276810951|0095420017104913827|7968550.928581545|1669692778363|1672523153535|500|TIMESTAMP_DESCENDING|1000|1.0
1669763497182|1646968533419|4818570126309720220|4836584524819202188|120822.15479286229|1669692778363|1672523153535|500|TIMESTAMP_DESCENDING|1000|1.0
1669766481297|1632010281949|4665166264002413045|4787889353848258979|4796460.440692477|1669692778363|1672523153535|500|TIMESTAMP_DESCENDING|1000|1.0
1669776792450|1631752754845|0175358910490739611|0103582791429521841|5047339.596035314|1669692778363|1672523153535|500|TIMESTAMP_DESCENDING|1000|1.0
1669778318596|1657692194947|4816881276449457402|0259801403503936602|9492070.70664741|1669692778363|1672523153535|500|TIMESTAMP_DESCENDING|1000|1.0
1669779792813|1640188390156|0202943458208383501|0159314836818231409|8579721.61924904|1669692778363|1672523153535|500|TIMESTAMP_DESCENDING|1000|1.0
1669780818437|1636240098337|0189995609279694818|0174795960537319314|4744831.600125927|1669692778363|1672523153535|500|TIMESTAMP_DESCENDING|1000|1.0
1669788339662|1656562979728|4763682505851146170|4867828247234089002|1040214.7434086484|1669692778363|1672523153535|500|TIMESTAMP_DESCENDING|1000|1.0
1669792468703|1641615060353|0207447057835754170|0153122387330597150|1010985.8298093921|1669692778363|1672523153535|500|TIMESTAMP_DESCENDING|1000|1.0
1669809802272|1628653523391|4758053006316932351|4776911829756546837|8439815.995679734|1669692778363|1672523153535|500|TIMESTAMP_DESCENDING|1000|1.0
1669814120561|1657765466046|4817725701379592498|4871768896908035106|1029842.9968786959|1669692778363|1672523153535|500|TIMESTAMP_DESCENDING|1000|1.0
1669814429080|1637284590392|4729342558692445949|4805059327427612915|7957529.062584811|1669692778363|1672523153535|500|TIMESTAMP_DESCENDING|1000|1.0
1669820212554|1631833987158|4762556605944301922|4787326403894837560|597774.4601162805|1669692778363|1672523153535|500|TIMESTAMP_DESCENDING|1000|1.0
1669822179606|1641200376571|4817725701379591279|4796896553103002973|4932651.412022078|1669692778363|1672523153535|500|TIMESTAMP_DESCENDING|1000|1.0
1669825412813|1640229118539|4814629476635774852|4713579959996649398|5523267.078201069|1669692778363|1672523153535|500|TIMESTAMP_DESCENDING|1000|1.0
1669825545638|1641531255178|0130604389193744689|0207165582859043176|1287061.0650320058|1669692778363|1672523153535|500|TIMESTAMP_DESCENDING|1000|1.0
1669825577387|1642064644028|0195062158860485296|4820540451146694810|9797723.889580997|1669692778363|1672523153535|500|TIMESTAMP_DESCENDING|1000|1.0
1669826924631|1640175028532|4727090758878757093|4814348001659060485|5887478.429402148|1669692778363|1672523153535|500|TIMESTAMP_DESCENDING|1000|1.0
1669831267692|1647240432222|4837428949749335687|4827014375611041405|4220797.771645137|1669692778363|1672523153535|500|TIMESTAMP_DESCENDING|1000|1.0
1669832538959|1661739434740|4884716745836725794|4883872320906593738|4403116.654357|1669692778363|1672523153535|500|TIMESTAMP_DESCENDING|1000|1.0
1669834221189|1642640352484|4761430706037457428|4822510775983669707|7184857.55434668|1669692778363|1672523153535|500|TIMESTAMP_DESCENDING|1000|1.0
1669841635839|1642200464229|4814066526682352528|4821103401100118934|8114744.545317752|1669692778363|1672523153535|500|TIMESTAMP_DESCENDING|1000|1.0
1669849423427|1649560511315|0233342755693135789|0169729410956527388|1504519.7568657764|1669692778363|1672523153535|500|TIMESTAMP_DESCENDING|1000|1.0
1669853074385|1669802770995|0175358910490740040|0299207900243428639|5408653.495456233|1669692778363|1672523153535|500|TIMESTAMP_DESCENDING|1000|1.0
1669853463124|1642626518061|0169729410956527085|0210824757556282790|6656142.355765204|1669692778363|1672523153535|500|TIMESTAMP_DESCENDING|1000|1.0
1669857947043|1641027891819|0205476732998780092|0168884986026394938|127015.94067704325|1669692778363|1672523153535|500|TIMESTAMP_DESCENDING|1000|1.0
1669858073275|1658925860937|4824199625843934013|4875428071605273331|7460489.528394193|1669692778363|1672523153535|500|TIMESTAMP_DESCENDING|1000|1.0
1669863337864|1655180632106|4799429827893399036|4863324647606717498|2075934.9559631024|1669692778363|1672523153535|500|TIMESTAMP_DESCENDING|1000|1.0
1669871289042|1652339668105|4765652830688119544|4854035973375265350|3019915.594586849|1669692778363|1672523153535|500|TIMESTAMP_DESCENDING|1000|1.0
1669875703232|1649861987260|0201254608348119478|0234187180623266400|948335.4727809379|1669692778363|1672523153535|500|TIMESTAMP_DESCENDING|1000|1.0
1669885479230|1654911835077|4824481100820644208|4862480222676582778|6188354.155805668|1669692778363|1672523153535|500|TIMESTAMP_DESCENDING|1000|1.0
1669904369535|1637686740732|4806466702311164649|4766778730594962152|5679530.895430918|1669692778363|1672523153535|500|TIMESTAMP_DESCENDING|1000|1.0
1669906763529|1654247504579|4860228422862899151|4808437027148138671|6866908.836892849|1669692778363|1672523153535|500|TIMESTAMP_DESCENDING|1000|1.0
1669907225206|1667191630559|4769874955338779144|4902449669369497986|8441092.95443945|1669692778363|1672523153535|500|TIMESTAMP_DESCENDING|1000|1.0
1669918556080|1663610799056|4814910951612484422|4890627720347650720|737087.5326609993|1669692778363|1672523153535|500|TIMESTAMP_DESCENDING|1000|1.0
1669923098988|1643947451992|4826732900634330818|4825044050774066845|5073106.731334423|1669692778363|1672523153535|500|TIMESTAMP_DESCENDING|1000|1.0
1669923246506|1664344425979|4893160995138045584|4803651952544056912|8145460.31279312|1669692778363|1672523153535|500|TIMESTAMP_DESCENDING|1000|1.0
1669946085637|1661844029135|0266838277921702306|0273312202386047397|6913386.0748761315|1669692778363|1672523153535|500|TIMESTAMP_DESCENDING|1000|1.0
1669960743893|1647189656706|4815192426589193830|4837147474772624951|6750166.069922612|1669692778363|1672523153535|500|TIMESTAMP_DESCENDING|1000|1.0
1669977234366|1667334374418|4902731144346209350|4818851601286433598|6511781.419707821|1669692778363|1672523153535|500|TIMESTAMP_DESCENDING|1000|1.0
1669983362465|1640282001565|4759741856177194851|4814910951612483345|8124552.471077635|1669692778363|1672523153535|500|TIMESTAMP_DESCENDING|1000|1.0
1669985432775|1633849186989|0182114309931795276|0084442493013197708|3835692.9585210676|1669692778363|1672523153535|500|TIMESTAMP_DESCENDING|1000|1.0
1669986234255|1632650666015|4789859678685234243|0151433537470334344|1620577.428284201|1669692778363|1672523153535|500|TIMESTAMP_DESCENDING|1000|1.0
1669999729640|1639402691410|0200128708441277102|0198721333557723912|1644996.1802794698|1669692778363|1672523153535|500|TIMESTAMP_DESCENDING|1000|1.0
1670003319427|1659948812753|0146366987889541211|4878805771325804576|8607237.044602277|1669692778363|1672523153535|500|TIMESTAMP_DESCENDING|1000|1.0
1670012623799|1666694832629|4730749933575996461|4900760819509232520|5756782.051582288|1669692778363|1672523153535|500|TIMESTAMP_DESCENDING|1000|1.0
1670016499180|1652888519291|4855724823235527296|4846154674027364838|9698723.175376836|1669692778363|1672523153535|500|TIMESTAMP_DESCENDING|1000|1.0
1670018697164|1638967163181|4758334481293643947|4810407351985112186|9555570.694527924|1669692778363|1672523153535|500|TIMESTAMP_DESCENDING|1000|1.0
1670034011712|1640718809822|0204632308068647770|0140456013378618039|3423144.783493044|1669692778363|1672523153535|500|TIMESTAMP_DESCENDING|1000|1.0
1670036912087|1641201857284|4814629476635771886|4817725701379588934|3429664.2099239193|1669692778363|1672523153535|500|TIMESTAMP_DESCENDING|1000|1.0
1670046341399|1644039993360|4827014375611043892|4823073725937091899|2256504.096669241|1669692778363|1672523153535|500|TIMESTAMP_DESCENDING|1000|1.0
1670055824915|1629006877676|0146648462866252387|0166351711235998195|7551922.015542333|1669692778363|1672523153535|500|TIMESTAMP_DESCENDING|1000|1.0
1670065470539|1639260532845|0183803159792058706|4811533251891955265|9046978.879811201|1669692778363|1672523153535|500|TIMESTAMP_DESCENDING|1000|1.0
1670067836484|1627875536214|4774378554966150238|4748482857108769628|5337546.40438868|1669692778363|1672523153535|500|TIMESTAMP_DESCENDING|1000|1.0
1670068320934|1647275904328|4837428949749337990|4814066526682353154|1114650.5194144463|1669692778363|1672523153535|500|TIMESTAMP_DESCENDING|1000|1.0
1670069518539|1647135512137|0225461456345237052|0130041439240324778|55291.614325765346|1669692778363|1672523153535|500|TIMESTAMP_DESCENDING|1000|1.0
1670076702903|1624210142222|0106397541196629477|0150870587516912835|1658429.6236705643|1669692778363|1672523153535|500|TIMESTAMP_DESCENDING|1000|1.0
1670078024268|1651031069577|4751297606875877171|4849813848724607277|7618825.519869292|1669692778363|1672523153535|500|TIMESTAMP_DESCENDING|1000|1.0
1670079102971|1669343650481|0297800525359875749|0098797716825441649|886899.0485208827|1669692778363|1672523153535|500|TIMESTAMP_DESCENDING|1000|1.0
1670083209979|1642639203908|0093168217291228616|0210824757556282928|1508043.447155286|1669692778363|1672523153535|500|TIMESTAMP_DESCENDING|1000|1.0
1670098086437|1640098392913|4814066526682351870|4806466702311163994|5284572.2292900365|1669692778363|1672523153535|500|TIMESTAMP_DESCENDING|1000|1.0
1670101511865|1651437878168|4753549406689560066|4851221223608157623|5168724.001340565|1669692778363|1672523153535|500|TIMESTAMP_DESCENDING|1000|1.0
1670107166696|1656869416282|4868672672164217823|4771845280175752003|8233893.367906764|1669692778363|1672523153535|500|TIMESTAMP_DESCENDING|1000|1.0
1670112782713|1637662455315|0194499208907063558|4778882154593521666|7173072.241938425|1669692778363|1672523153535|500|TIMESTAMP_DESCENDING|1000|1.0
1670121121433|1646486125533|4818288651333010574|4834895674958939100|8594155.713965544|1669692778363|1672523153535|500|TIMESTAMP_DESCENDING|1000|1.0
1670123200461|1649965773591|4846436149004075737|4815192426589192734|6412388.000643633|1669692778363|1672523153535|500|TIMESTAMP_DESCENDING|1000|1.0
1670128494903|1658692871260|0262897628247753405|0130604389193744689|6650868.07113587|1669692778363|1672523153535|500|TIMESTAMP_DESCENDING|1000|1.0
1670128622261|1637996313419|4767623155525093005|0195625108813905988|2630.406760546489|1669692778363|1672523153535|500|TIMESTAMP_DESCENDING|1000|1.0
1670129050720|1659625703174|4760586281107326063|0265993852991570491|7620154.535419653|1669692778363|1672523153535|500|TIMESTAMP_DESCENDING|1000|1.0
1670141515606|1667137144923|4834332725005517469|4902168194392785469|1359764.3930535896|1669692778363|1672523153535|500|TIMESTAMP_DESCENDING|1000|1.0
1670142198310|1637427673796|4736942383063630943|4805622277381030839|2941717.530722513|1669692778363|1672523153535|500|TIMESTAMP_DESCENDING|1000|1.0
1670151545547|1668459752928|4750453181945742872|4906390319043446253|1217967.6731730315|1669692778363|1672523153535|500|TIMESTAMP_DESCENDING|1000|1.0
1670165704311|1666806549127|0289356276058556419|0207728532812466053|5203719.928658337|1669692778363|1672523153535|500|TIMESTAMP_DESCENDING|1000|1.0
1670170545613|1663275810064|4677551162977682065|4889501820440805899|7513935.590915912|1669692778363|1672523153535|500|TIMESTAMP_DESCENDING|1000|1.0
1670172649720|1659380574587|4782541329290756404|4876835446488826150|3979864.822238065|1669692778363|1672523153535|500|TIMESTAMP_DESCENDING|1000|1.0
1670178064236|1646214382871|4815755376542617063|4834051250028809697|7310791.502248917|1669692778363|1672523153535|500|TIMESTAMP_DESCENDING|1000|1.0
1670182226768|1640430079645|4771563805199042211|0203506408161804972|5507400.028273662|1669692778363|1672523153535|500|TIMESTAMP_DESCENDING|1000|1.0
1670184846304|1639537163133|4812377676822087606|4781415429383917454|1573658.0452399408|1669692778363|1672523153535|500|TIMESTAMP_DESCENDING|1000|1.0
1670193405902|1649930644852|4752423506782716410|4846154674027364838|3801918.775095734|1669692778363|1672523153535|500|TIMESTAMP_DESCENDING|1000|1.0
1670198217186|1666555759733|0288511851128423465|0117656540265054957|8949297.1652657|1669692778363|1672523153535|500|TIMESTAMP_DESCENDING|1000|1.0
1670199202457|1655662961567|4864732022490271498|4812659151798799674|3729527.6632517315|1669692778363|1672523153535|500|TIMESTAMP_DESCENDING|1000|1.0
1670204174292|1642219315777|4821103401100118978|4668825438699653858|3071505.9686704017|1669692778363|1672523153535|500|TIMESTAMP_DESCENDING|1000|1.0
1670214959135|1642787916946|4818288651333010850|4823073725937092599|5591303.583784788|1669692778363|1672523153535|500|TIMESTAMP_DESCENDING|1000|1.0
1670216421329|1640571478965|4815755376542617063|4765089880734699557|7724842.238348554|1669692778363|1672523153535|500|TIMESTAMP_DESCENDING|1000|1.0
1670224568896|1656884659719|0257268128713541495|0254734853923145359|2577871.103192546|1669692778363|1672523153535|500|TIMESTAMP_DESCENDING|1000|1.0
1670225228671|1627488656005|4758053006316932351|4773252655059308297|7276635.44143271|1669692778363|1672523153535|500|TIMESTAMP_DESCENDING|1000|1.0
1670227803580|1648057173981|4839962224539734291|0165507286305866130|5350265.330785841|1669692778363|1672523153535|500|TIMESTAMP_DESCENDING|1000|1.0
1670234044867|1616997847689|4702039485951510868|4738912707900606664|5609490.979241981|1669692778363|1672523153535|500|TIMESTAMP_DESCENDING|1000|1.0
1670234815511|1651501275922|0205476732998780092|0239535205180769374|7839485.854397869|1669692778363|1672523153535|500|TIMESTAMP_DESCENDING|1000|1.0
1670247225911|1653666357382|0246572079598536001|0215609832160363801|6071510.447375022|1669692778363|1672523153535|500|TIMESTAMP_DESCENDING|1000|1.0
1670248073053|1665090853783|4895412794951730273|4826732900634329976|8759156.366441477|1669692778363|1672523153535|500|TIMESTAMP_DESCENDING|1000|1.0
1670259784604|1642347793587|4821384876076830747|0113715890591105236|9454093.303303907|1669692778363|1672523153535|500|TIMESTAMP_DESCENDING|1000|1.0
1670268507651|1636188026190|4801400152730371623|4776630354779835772|7485306.153715422|1669692778363|1672523153535|500|TIMESTAMP_DESCENDING|1000|1.0
1670269221920|1652556605178|4854880398305394851|4796333603149578387|1650903.0755813415|1669692778363|1672523153535|500|TIMESTAMP_DESCENDING|1000|1.0
1670287592277|1643348790388|4824762575797356976|0069242844270821756|8629842.458806343|1669692778363|1672523153535|500|TIMESTAMP_DESCENDING|1000|1.0
1670292512124|1645104081866|4827858800541174285|4830392075331570475|4661571.62406158|1669692778363|1672523153535|500|TIMESTAMP_DESCENDING|1000|1.0
1670306824246|1640413749381|4782259854314048543|4815192426589195547|5637535.789368317|1669692778363|1672523153535|500|TIMESTAMP_DESCENDING|1000|1.0
1670330373001|1654963139121|4716113234787044154|4862480222676585292|8435613.221370112|1669692778363|1672523153535|500|TIMESTAMP_DESCENDING|1000|1.0
1670334017428|1635155961342|4733846158319816100|4798022453009845667|8801256.514971362|1669692778363|1672523153535|500|TIMESTAMP_DESCENDING|1000|1.0
1670337285088|1646657653635|4709920785299409997|0223772606484973331|3481579.1949002985|1669692778363|1672523153535|500|TIMESTAMP_DESCENDING|1000|1.0
1670339622773|1667604946341|4806466702311164649|4903857044253051628|4129251.4783470314|1669692778363|1672523153535|500|TIMESTAMP_DESCENDING|1000|1.0
1670348814287|1637438486661|4713017010043227996|4805622277381030760|1464284.0092054044|1669692778363|1672523153535|500|TIMESTAMP_DESCENDING|1000|1.0
1670352672004|1644305816243|4827858800541172463|4683743612465316495|7130734.386885023|1669692778363|1672523153535|500|TIMESTAMP_DESCENDING|1000|1.0
1670358689721|1653468717826|4857695148072502670|4832643875145254216|9673038.794360466|1669692778363|1672523153535|500|TIMESTAMP_DESCENDING|1000|1.0
1670364798242|1659606349777|4877679871418962139|0207165582859043176|7833512.51007407|1669692778363|1672523153535|500|TIMESTAMP_DESCENDING|1000|1.0
1670381568659|1650762425419|0227994731135633293|0237283405367084703|6991650.72617536|1669692778363|1672523153535|500|TIMESTAMP_DESCENDING|1000|1.0
1670382301163|1626708329417|4713579959996649398|4770719380268912136|6103955.935539524|1669692778363|1672523153535|500|TIMESTAMP_DESCENDING|1000|1.0
1670382302073|1639283450463|4811533251891955092|4803370477567347216|2852192.253838122|1669692778363|1672523153535|500|TIMESTAMP_DESCENDING|1000|1.0
1670391879566|1633398951292|4792392953475631064|4764526930781275930|1732210.7432024602|1669692778363|1672523153535|500|TIMESTAMP_DESCENDING|1000|1.0
1670395988378|1655087683040|4863043172630005698|4844184349190389946|5218787.208250908|1669692778363|1672523153535|500|TIMESTAMP_DESCENDING|1000|1.0
1670397012401|1668737353468|0295830200522901128|0248542404435511016|1547416.0244800695|1669692778363|1672523153535|500|TIMESTAMP_DESCENDING|1000|1.0
1670397144468|1667604946341|0192528884070089336|4903857044253051628|937884.8029578379|1669692778363|1672523153535|500|TIMESTAMP_DESCENDING|1000|1.0
1670408919024|1636712562268|4803089002590637066|4803089002590636806|9064404.371377906|1669692778363|1672523153535|500|TIMESTAMP_DESCENDING|1000|1.0
1670414559290|1647773143749|0227431781182211144|4696409986417298330|7691248.087705973|1669692778363|1672523153535|500|TIMESTAMP_DESCENDING|1000|1.0
1670414598537|1646636126349|4758053006316932351|4835458624912362692|7715932.673432316|1669692778363|1672523153535|500|TIMESTAMP_DESCENDING|1000|1.0
1670415380900|1660426339271|4880494621186067723|4859383997932768911|7491090.693049175|1669692778363|1672523153535|500|TIMESTAMP_DESCENDING|1000|1.0
1670420279488|1659030673537|4875709546581986511|4813503576728929575|9063378.340067493|1669692778363|1672523153535|500|TIMESTAMP_DESCENDING|1000|1.0
1670422481394|1666555759733|4821384876076828388|0288511851128423465|6938373.174728415|1669692778363|1672523153535|500|TIMESTAMP_DESCENDING|1000|1.0
1670422548050|1660537629514|4880776096162775285|4790985578592079910|2988203.498732234|1669692778363|1672523153535|500|TIMESTAMP_DESCENDING|1000|1.0
1670439761287|1633602117405|0181269885001662865|4745105157388243264|9245997.857741088|1669692778363|1672523153535|500|TIMESTAMP_DESCENDING|1000|1.0
1670443421160|1655767097881|4865294972443693007|4845591724073945669|2845697.1561083454|1669692778363|1672523153535|500|TIMESTAMP_DESCENDING|1000|1.0
1670452210792|1638070640097|4799992777846819899|4807592602218007869|8597836.500529833|1669692778363|1672523153535|500|TIMESTAMP_DESCENDING|1000|1.0
1670455512605|1640459866512|0203787883138514961|0199847233464565785|9785743.401478402|1669692778363|1672523153535|500|TIMESTAMP_DESCENDING|1000|1.0
1670458265993|1668276381180|4905827369090024099|4846154674027364838|8284212.272501212|1669692778363|1672523153535|500|TIMESTAMP_DESCENDING|1000|1.0
1670458386253|1669343650481|0297800525359875749|4865294972443688965|9422401.81738896|1669692778363|1672523153535|500|TIMESTAMP_DESCENDING|1000|1.0
1670474052456|1655698656229|4758053006316930733|4865013497466979985|5442250.155605103|1669692778363|1672523153535|500|TIMESTAMP_DESCENDING|1000|1.0
1670477166265|1669802770995|0128915539333482043|0299207900243428639|1561692.410653097|1669692778363|1672523153535|500|TIMESTAMP_DESCENDING|1000|1.0
1670481164939|1642912527265|4815755376542616140|4823355200913803704|4097885.646906406|1669692778363|1672523153535|500|TIMESTAMP_DESCENDING|1000|1.0
1670492165738|1667840977235|0162692536538760186|0292733975779082422|6948140.959268476|1669692778363|1672523153535|500|TIMESTAMP_DESCENDING|1000|1.0
1670492832493|1653007412826|0244601754761561325|4801118677753663307|9339766.74812813|1669692778363|1672523153535|500|TIMESTAMP_DESCENDING|1000|1.0
1670520570696|1657168397873|4869798572071060757|4753549406689559681|2866002.3318218896|1669692778363|1672523153535|500|TIMESTAMP_DESCENDING|1000|1.0
1670539257471|1653660188007|4858258098025925689|4811533251891957059|5709086.565317859|1669692778363|1672523153535|500|TIMESTAMP_DESCENDING|1000|1.0
1670540805614|1654558810920|0199284283511145767|0249668304342352889|3437741.1437472305|1669692778363|1672523153535|500|TIMESTAMP_DESCENDING|1000|1.0
1670541706433|1665686656111|4897383119788704999|0185210534675612573|6427519.384135962|1669692778363|1672523153535|500|TIMESTAMP_DESCENDING|1000|1.0
1670542394564|1637213933471|4780008054500363898|4804777852450901625|8897701.20253318|1669692778363|1672523153535|500|TIMESTAMP_DESCENDING|1000|1.0
1670543034880|1662591884519|4876835446488828197|4887531495603831847|4668052.595921021|1669692778363|1672523153535|500|TIMESTAMP_DESCENDING|1000|1.0
1670548565697|1652137956075|0028710447624489049|0241787004994455618|1086266.5903980106|1669692778363|1672523153535|500|TIMESTAMP_DESCENDING|1000|1.0
1670558296693|1649930644852|4709357835345986103|4846154674027364838|7479617.476892271|1669692778363|1672523153535|500|TIMESTAMP_DESCENDING|1000|1.0
1670561458807|1619827223131|4723150109204807920|4748201382132056300|4613117.136174462|1669692778363|1672523153535|500|TIMESTAMP_DESCENDING|1000|1.0
1670562564206|1643295933869|0212795082393256111|0177610710304425500|2279024.6823767424|1669692778363|1672523153535|500|TIMESTAMP_DESCENDING|1000|1.0
1670576358914|1644355220802|4828140275517882532|4763682505851142310|8130080.668299138|1669692778363|1672523153535|500|TIMESTAMP_DESCENDING|1000|1.0
1670577742038|1640095036591|4799992777846819869|4814066526682352901|3576247.356978692|1669692778363|1672523153535|500|TIMESTAMP_DESCENDING|1000|1.0
1670582395155|1654269497841|4681773287628342987|4860228422862898885|5037602.636241293|1669692778363|1672523153535|500|TIMESTAMP_DESCENDING|1000|1.0
1670586850006|1656783349745|4868391197187507927|4822510775983671021|7055079.984137031|1669692778363|1672523153535|500|TIMESTAMP_DESCENDING|1000|1.0
1670589835197|1631436220825|0129197014310193150|0174233010583897984|1321078.793155037|1669692778363|1672523153535|500|TIMESTAMP_DESCENDING|1000|1.0
1670592171276|1630181258138|0170292360909946933|4709076360369275677|771962.867570346|1669692778363|1672523153535|500|TIMESTAMP_DESCENDING|1000|1.0
1670597493827|1664344425979|4847843523887632621|4893160995138045584|8973418.542690769|1669692778363|1672523153535|500|TIMESTAMP_DESCENDING|1000|1.0
1670602623961|1639940673356|4655877589770961691|0202099033278252174|4193972.0196597143|1669692778363|1672523153535|500|TIMESTAMP_DESCENDING|1000|1.0
1670612557449|1643263301777|4824481100820644208|4777756254686675308|7053361.796563266|1669692778363|1672523153535|500|TIMESTAMP_DESCENDING|1000|1.0
1670619126302|1657143523891|4869798572071060303|4767060205571670779|8711189.349174544|1669692778363|1672523153535|500|TIMESTAMP_DESCENDING|1000|1.0
1670619672107|1634196289162|4794926228266026531|4745105157388240759|2780980.089590127|1669692778363|1672523153535|500|TIMESTAMP_DESCENDING|1000|1.0
1670619730781|1666694832629|4900760819509232520|4839399274586309360|460061.1527992693|1669692778363|1672523153535|500|TIMESTAMP_DESCENDING|1000|1.0
1670654568022|1644063298325|0173951535607186201|0215328357183652453|4960735.8364394475|1669692778363|1672523153535|500|TIMESTAMP_DESCENDING|1000|1.0
1670656262464|1619069245384|0133982088914273896|0131448814123878080|6063630.813016425|1669692778363|1672523153535|500|TIMESTAMP_DESCENDING|1000|1.0
1670673971559|1661204971766|4768467580455227584|4883027895976464126|4383556.509234408|1669692778363|1672523153535|500|TIMESTAMP_DESCENDING|1000|1.0
1670678876952|1653391910343|0245727654668404764|0081064793292670876|7109537.170059034|1669692778363|1672523153535|500|TIMESTAMP_DESCENDING|1000|1.0
1670681574512|1647110133563|0225461456345236827|0194780683883775867|5442245.973274265|1669692778363|1672523153535|500|TIMESTAMP_DESCENDING|1000|1.0
1670688872080|1642589914424|4822229301006959769|4817162751426167839|8503559.72734809|1669692778363|1672523153535|500|TIMESTAMP_DESCENDING|1000|1.0
1670695950772|1639541103211|4812377676822089350|4799992777846820519|8688264.174564172|1669692778363|1672523153535|500|TIMESTAMP_DESCENDING|1000|1.0
1670699986309|1639605423959|4684588037395451592|4812659151798799674|5722230.874635415|1669692778363|1672523153535|500|TIMESTAMP_DESCENDING|1000|1.0
1670728955304|1641534684134|0207165582859043865|0064457769666740947|741166.559396873|1669692778363|1672523153535|500|TIMESTAMP_DESCENDING|1000|1.0
1670730580486|1637341447529|4708794885392566878|4805340802404321766|7146916.82515691|1669692778363|1672523153535|500|TIMESTAMP_DESCENDING|1000|1.0
1670742205103|1667587603372|4846436149004078087|0291889550848950789|3951919.602916207|1669692778363|1672523153535|500|TIMESTAMP_DESCENDING|1000|1.0
1670749335342|1640445767705|4783667229197601792|4815192426589194990|9917392.849292355|1669692778363|1672523153535|500|TIMESTAMP_DESCENDING|1000|1.0
1670758066071|1635424723250|0028710447624489049|0187180859512588238|9238567.503760327|1669692778363|1672523153535|500|TIMESTAMP_DESCENDING|1000|1.0
1670765768347|1645750167814|4763963980827853584|4832643875145253477|4960735.8364394475|1669692778363|1672523153535|500|TIMESTAMP_DESCENDING|1000|1.0
1670772553808|1637811197985|4799148352916686553|4806748177287874339|3995826.8833593205|1669692778363|1672523153535|500|TIMESTAMP_DESCENDING|1000|1.0
1670778684737|1632792248437|4774660029942860484|4790422628638657090|6294221.406746368|1669692778363|1672523153535|500|TIMESTAMP_DESCENDING|1000|1.0
1670791212680|1643926431369|4716113234787044154|4826732900634331983|8763972.589761987|1669692778363|1672523153535|500|TIMESTAMP_DESCENDING|1000|1.0
1670792071611|1653324034109|4772689705105885717|4857132198119082262|1632551.2564760337|1669692778363|1672523153535|500|TIMESTAMP_DESCENDING|1000|1.0
1670807098831|1655994686365|0254171903969723428|0200410183417988472|1199065.051638266|1669692778363|1672523153535|500|TIMESTAMP_DESCENDING|1000|1.0
1670808140402|1663610799056|4890627720347650720|4836584524819204630|6458589.933217509|1669692778363|1672523153535|500|TIMESTAMP_DESCENDING|1000|1.0
1670811572102|1659927440607|0079094468455695014|4878805771325802004|7413532.436428898|1669692778363|1672523153535|500|TIMESTAMP_DESCENDING|1000|1.0
1670813777090|1636757391536|4803370477567348393|0153122387330597150|2487444.7475364525|1669692778363|1672523153535|500|TIMESTAMP_DESCENDING|1000|1.0
1670814657897|1656884659719|0257268128713541495|0208010007789176473|7029093.916205694|1669692778363|1672523153535|500|TIMESTAMP_DESCENDING|1000|1.0
1670815457051|1668459752928|4843902874213680659|4906390319043446253|5232938.626335763|1669692778363|1672523153535|500|TIMESTAMP_DESCENDING|1000|1.0
1670817128047|1661893597079|0273312202386047098|0217861631974047954|5379875.03870031|1669692778363|1672523153535|500|TIMESTAMP_DESCENDING|1000|1.0
1670819867009|1653561307005|0246290604621824773|0208291482765885811|461584.75872941973|1669692778363|1672523153535|500|TIMESTAMP_DESCENDING|1000|1.0
1670828206571|1641103973880|4639270566145033456|4817444226402878555|7487009.404675187|1669692778363|1672523153535|500|TIMESTAMP_DESCENDING|1000|1.0
1670831286284|1639037767695|4810688826961821965|4754675306596401187|4153318.473559232|1669692778363|1672523153535|500|TIMESTAMP_DESCENDING|1000|1.0
1670839210674|1659030673537|4875709546581986511|4843058449283547681|6740304.255354623|1669692778363|1672523153535|500|TIMESTAMP_DESCENDING|1000|1.0
1670840188911|1635435854737|4799148352916686553|4759460381200484054|8807468.092592575|1669692778363|1672523153535|500|TIMESTAMP_DESCENDING|1000|1.0
1670853525576|1643623140191|4825607000727488516|4804777852450899830|6364323.497212544|1669692778363|1672523153535|500|TIMESTAMP_DESCENDING|1000|1.0
1670857153267|1658966552379|4871768896908036255|4875709546581986298|9862399.341881445|1669692778363|1672523153535|500|TIMESTAMP_DESCENDING|1000|1.0
1670860355024|1626620559322|4770437905292198007|4723713059158230495|4532733.3544919025|1669692778363|1672523153535|500|TIMESTAMP_DESCENDING|1000|1.0
1670872841038|1660217726291|4858258098025925689|4879650196255935813|1838135.4588479658|1669692778363|1672523153535|500|TIMESTAMP_DESCENDING|1000|1.0
1670876418997|1626712116751|4684588037395449116|4770719380268909741|8596494.95345137|1669692778363|1672523153535|500|TIMESTAMP_DESCENDING|1000|1.0
1670876548337|1631434858078|0174233010583897481|4771563805199044127|3905548.615051976|1669692778363|1672523153535|500|TIMESTAMP_DESCENDING|1000|1.0
1670885351351|1643142651896|4800555727800240188|4824199625843933774|3668957.2447696826|1669692778363|1672523153535|500|TIMESTAMP_DESCENDING|1000|1.0
1670889814971|1639376865490|4760023331153907869|4811814726868668552|1917073.2118101574|1669692778363|1672523153535|500|TIMESTAMP_DESCENDING|1000|1.0
1670890084671|1647666341934|0227150306205500050|0150870587516912366|8529846.377908226|1669692778363|1672523153535|500|TIMESTAMP_DESCENDING|1000|1.0
1670897723990|1661005158392|0270497452618940842|0096264442035045635|479958.4238813082|1669692778363|1672523153535|500|TIMESTAMP_DESCENDING|1000|1.0
1670916396566|1644355220802|4828140275517882532|4786481978964708432|9521132.889361508|1669692778363|1672523153535|500|TIMESTAMP_DESCENDING|1000|1.0
1670921506007|1641686957749|0195062158860485900|0207728532812465536|2045077.247517225|1669692778363|1672523153535|500|TIMESTAMP_DESCENDING|1000|1.0
1670929047342|1661406524088|0271904827502495072|0265993852991571416|2370059.0616556173|1669692778363|1672523153535|500|TIMESTAMP_DESCENDING|1000|1.0
1670933593819|1662027187713|4885561170766859564|4812659151798799674|7899278.044042608|1669692778363|1672523153535|500|TIMESTAMP_DESCENDING|1000|1.0
1670936253179|1653561307005|0246290604621824773|0206039682952200565|1308573.6588557195|1669692778363|1672523153535|500|TIMESTAMP_DESCENDING|1000|1.0
1670939662752|1649930644852|4834614199982227986|4846154674027364838|911466.4534827344|1669692778363|1672523153535|500|TIMESTAMP_DESCENDING|1000|1.0
1670942952418|1655009940492|0198721333557723303|0251075679225905406|9556775.564627284|1669692778363|1672523153535|500|TIMESTAMP_DESCENDING|1000|1.0
1670946160572|1637809707322|4806748177287875645|0183521684815348834|6661440.909617089|1669692778363|1672523153535|500|TIMESTAMP_DESCENDING|1000|1.0
1670946309264|1663254106351|0145522562959411278|0277815802013419465|9819045.602209289|1669692778363|1672523153535|500|TIMESTAMP_DESCENDING|1000|1.0
1670948775375|1656906629671|0232498330763002944|4868954147140931097|8750189.801403822|1669692778363|1672523153535|500|TIMESTAMP_DESCENDING|1000|1.0
1670950242585|1635427573491|4798866877939975415|4774097079989437541|9819982.611385206|1669692778363|1672523153535|500|TIMESTAMP_DESCENDING|1000|1.0
1670951991078|1630456920190|4755238256549826397|0171136785840078872|4907512.227988797|1669692778363|1672523153535|500|TIMESTAMP_DESCENDING|1000|1.0
1670958473131|1657480695185|4870642997001194200|4766497255618249583|4109354.537452715|1669692778363|1672523153535|500|TIMESTAMP_DESCENDING|1000|1.0
1670964254817|1669802770995|0299207900243428639|0255297803876566244|8227591.88756616|1669692778363|1672523153535|500|TIMESTAMP_DESCENDING|1000|1.0
1670966441162|1653953630287|4788452303801681391|4859383997932766628|2604096.28156993|1669692778363|1672523153535|500|TIMESTAMP_DESCENDING|1000|1.0
1670970970514|1653801438637|0247135029551957004|4758334481293643947|6161565.225429477|1669692778363|1672523153535|500|TIMESTAMP_DESCENDING|1000|1.0
1670974303739|1632748602719|0178455135234556212|0076561193665298918|4955316.071923156|1669692778363|1672523153535|500|TIMESTAMP_DESCENDING|1000|1.0
1670984291111|1637830643940|4778600679616809781|4806748177287875719|8241631.502946916|1669692778363|1672523153535|500|TIMESTAMP_DESCENDING|1000|1.0
1670985992877|1658235374080|0261490253364201266|0156218612074415814|7924179.4775961125|1669692778363|1672523153535|500|TIMESTAMP_DESCENDING|1000|1.0
1670987477464|1669802770995|4745386632364953091|0299207900243428639|6776589.450980404|1669692778363|1672523153535|500|TIMESTAMP_DESCENDING|1000|1.0
1670995962160|1631889357641|4787607878871550808|4777756254686677866|4184937.289117061|1669692778363|1672523153535|500|TIMESTAMP_DESCENDING|1000|1.0
1670996440311|1654782182532|0183240209838638077|0250231254295773857|9194238.492645737|1669692778363|1672523153535|500|TIMESTAMP_DESCENDING|1000|1.0
1671004324477|1641050999812|4752704981759428210|4817162751426168370|2612729.984020772|1669692778363|1672523153535|500|TIMESTAMP_DESCENDING|1000|1.0
1671039496090|1660894037382|4754675306596403646|4881901996069620012|4155842.0536485207|1669692778363|1672523153535|500|TIMESTAMP_DESCENDING|1000|1.0
1671043340426|1642225136589|0209417382672729640|0202943458208384668|5856917.535896511|1669692778363|1672523153535|500|TIMESTAMP_DESCENDING|1000|1.0
1671047578575|1634377218216|0174233010583896126|0183803159792058706|8438940.866376434|1669692778363|1672523153535|500|TIMESTAMP_DESCENDING|1000|1.0
1671053072526|1649930644852|4834614199982227986|4846154674027364838|7142195.21169744|1669692778363|1672523153535|500|TIMESTAMP_DESCENDING|1000|1.0
1671053695681|1654706543666|4818851601286432542|4861635797746452200|1795491.7467833664|1669692778363|1672523153535|500|TIMESTAMP_DESCENDING|1000|1.0
1671053870506|1654729876447|4861917272723164629|0107804916080181613|4608602.34586973|1669692778363|1672523153535|500|TIMESTAMP_DESCENDING|1000|1.0
1671055796701|1661281411605|4883027895976462716|4684588037395450118|1426572.710495997|1669692778363|1672523153535|500|TIMESTAMP_DESCENDING|1000|1.0
1671058990933|1638137237515|0028710447624489049|0196188058767329317|7098112.751712455|1669692778363|1672523153535|500|TIMESTAMP_DESCENDING|1000|1.0
1671065169584|1641772543854|4819696026216566601|0131167339147165700|2904233.840771064|1669692778363|1672523153535|500|TIMESTAMP_DESCENDING|1000|1.0
1671065955877|1609804423155|0103864266406232118|4694439661580323001|820840.0644580893|1669692778363|1672523153535|500|TIMESTAMP_DESCENDING|1000|1.0
1671070421936|1667138833905|4902168194392787902|4870642997001194200|7092327.274648386|1669692778363|1672523153535|500|TIMESTAMP_DESCENDING|1000|1.0
1671080981221|1630656310903|4691906386789926812|4783385754220889971|5373362.84925509|1669692778363|1672523153535|500|TIMESTAMP_DESCENDING|1000|1.0
1671085315163|1638286963741|4780852479430496242|0196751008720748586|3060520.6227738513|1669692778363|1672523153535|500|TIMESTAMP_DESCENDING|1000|1.0
1671087076605|1659927440607|4838554849656177598|4878805771325802004|8277826.706570867|1669692778363|1672523153535|500|TIMESTAMP_DESCENDING|1000|1.0
1671088025334|1666119192319|4898790494672257509|4761149231060746673|3968160.2905675285|1669692778363|1672523153535|500|TIMESTAMP_DESCENDING|1000|1.0
1671097292430|1667962291738|4904982944159892675|4829547650401436719|6327291.987302658|1669692778363|1672523153535|500|TIMESTAMP_DESCENDING|1000|1.0
1671098500761|1645130030455|4806466702311164744|4830673550308282099|2144933.8827282316|1669692778363|1672523153535|500|TIMESTAMP_DESCENDING|1000|1.0
1671103106888|1651372933868|0229965055972606985|0239253730204058474|39313.32827670886|1669692778363|1672523153535|500|TIMESTAMP_DESCENDING|1000|1.0
1671119781870|1660332691483|4702039485951509867|0268245652805255618|76612.35456929427|1669692778363|1672523153535|500|TIMESTAMP_DESCENDING|1000|1.0
1671126120329|1658925860937|4875428071605273331|0227994731135632419|42354.92684345643|1669692778363|1672523153535|500|TIMESTAMP_DESCENDING|1000|1.0
1671127400454|1640140961194|4814348001659063089|4766497255618250626|2918949.2951700566|1669692778363|1672523153535|500|TIMESTAMP_DESCENDING|1000|1.0
1671135574026|1640612214244|4815755376542614503|4789015253755102027|8110465.77372067|1669692778363|1672523153535|500|TIMESTAMP_DESCENDING|1000|1.0
1671137541035|1639628810030|0174795960537318207|4812659151798799672|4440350.853923014|1669692778363|1672523153535|500|TIMESTAMP_DESCENDING|1000|1.0
1671151828479|1649147558834|4843621399236971262|4810688826961823122|1055416.9210623233|1669692778363|1672523153535|500|TIMESTAMP_DESCENDING|1000|1.0
1671151941865|1666119192319|4898790494672257509|4761149231060746673|8593540.98310195|1669692778363|1672523153535|500|TIMESTAMP_DESCENDING|1000|1.0
1671155551525|1661593105919|0272467777455915599|0076561193665298918|8177054.960649488|1669692778363|1672523153535|500|TIMESTAMP_DESCENDING|1000|1.0
1671162069256|1654870869028|0250512729272485666|0248542404435511016|2250645.228743563|1669692778363|1672523153535|500|TIMESTAMP_DESCENDING|1000|1.0
1671170188600|1639541103211|4812377676822089350|4747075482225216696|7908627.972751833|1669692778363|1672523153535|500|TIMESTAMP_DESCENDING|1000|1.0
1671188738383|1669802770995|0299207900243428639|4792392953475630650|272170.26592380897|1669692778363|1672523153535|500|TIMESTAMP_DESCENDING|1000|1.0
1671192429064|1654482545959|4861072847793032123|4820258976169987408|7160963.755437853|1669692778363|1672523153535|500|TIMESTAMP_DESCENDING|1000|1.0
1671200133423|1655680506454|0253327479039592282|0250512729272485666|8334356.980112408|1669692778363|1672523153535|500|TIMESTAMP_DESCENDING|1000|1.0
1671200803194|1638172768598|4685995412279001137|4807874077194715189|8976446.023774922|1669692778363|1672523153535|500|TIMESTAMP_DESCENDING|1000|1.0
1671203279960|1642025033171|0208854432719308714|4790704103615367112|4530596.688755949|1669692778363|1672523153535|500|TIMESTAMP_DESCENDING|1000|1.0
1671207549274|1650118973627|4846717623980788153|4805622277381032663|144525.1794811142|1669692778363|1672523153535|500|TIMESTAMP_DESCENDING|1000|1.0
1671209507906|1644931791327|4829829125378148887|4778600679616809781|3041331.6200573505|1669692778363|1672523153535|500|TIMESTAMP_DESCENDING|1000|1.0
1671209614941|1644723995030|4829266175424728277|4811814726868667855|8600372.118101878|1669692778363|1672523153535|500|TIMESTAMP_DESCENDING|1000|1.0
1671210498670|1639605423959|4764808405757988566|4812659151798799674|4954603.613686233|1669692778363|1672523153535|500|TIMESTAMP_DESCENDING|1000|1.0
1671216261837|1637211472497|4804777852450898010|4796896553102999676|3620052.501164027|1669692778363|1672523153535|500|TIMESTAMP_DESCENDING|1000|1.0
1671222323322|1664395349468|0281474976710656158|0220957856717865478|2850699.701096828|1669692778363|1672523153535|500|TIMESTAMP_DESCENDING|1000|1.0
1671225032148|1629060605449|4727935183808892758|4778319204640099770|856221.5940032669|1669692778363|1672523153535|500|TIMESTAMP_DESCENDING|1000|1.0
1671227729754|1643947451992|4826732900634330818|4790141153661945503|2340352.6939710383|1669692778363|1672523153535|500|TIMESTAMP_DESCENDING|1000|1.0
1671228795685|1656696467016|0189714134302983411|0256423703783408559|2061962.868021574|1669692778363|1672523153535|500|TIMESTAMP_DESCENDING|1000|1.0
1671229599179|1667688588785|4804496377474189862|0292452500802371768|6728086.6761265155|1669692778363|1672523153535|500|TIMESTAMP_DESCENDING|1000|1.0
1671236433511|1647936240890|0227994731135632257|0217861631974047780|3887292.7575292126|1669692778363|1672523153535|500|TIMESTAMP_DESCENDING|1000|1.0
1671241109304|1639410407433|0198439858581012645|4812096201845379206|1553102.2664008199|1669692778363|1672523153535|500|TIMESTAMP_DESCENDING|1000|1.0
1671241318875|1659023060747|4825044050774068891|4875709546581987483|470343.05932388443|1669692778363|1672523153535|500|TIMESTAMP_DESCENDING|1000|1.0
1671243048691|1649635151125|4667699538792808448|4845310249097232388|5796252.073129174|1669692778363|1672523153535|500|TIMESTAMP_DESCENDING|1000|1.0
1671245831803|1649930644852|4683743612465316495|4846154674027364838|7551922.015542333|1669692778363|1672523153535|500|TIMESTAMP_DESCENDING|1000|1.0
1671255161185|1645332829634|0219550481834313423|0019703248369747572|6125638.82564944|1669692778363|1672523153535|500|TIMESTAMP_DESCENDING|1000|1.0
1671257993571|1633607843656|0180988410024952821|0181269885001663097|7022569.542556603|1669692778363|1672523153535|500|TIMESTAMP_DESCENDING|1000|1.0
1671260376824|1645862288194|4832925350121965719|4827577325564463617|9149610.238674281|1669692778363|1672523153535|500|TIMESTAMP_DESCENDING|1000|1.0
1671268069953|1646407702014|4823073725937092599|4834614199982229767|1142377.7948721403|1669692778363|1672523153535|500|TIMESTAMP_DESCENDING|1000|1.0
1671271091527|1661593105919|0172825635700343753|0272467777455915599|6737126.595323952|1669692778363|1672523153535|500|TIMESTAMP_DESCENDING|1000|1.0
1671278417686|1640634460318|4813222101752219529|4816036851519326774|64572.61455963925|1669692778363|1672523153535|500|TIMESTAMP_DESCENDING|1000|1.0
1671293163610|1661005158392|0148337312726516137|0270497452618940842|9321698.779206106|1669692778363|1672523153535|500|TIMESTAMP_DESCENDING|1000|1.0
1671294068829|1634821080001|4796896553103001590|4790704103615366968|2896083.543034259|1669692778363|1672523153535|500|TIMESTAMP_DESCENDING|1000|1.0
1671302444950|1627666306371|4758897431247063782|4773815605012728551|4701826.397251242|1669692778363|1672523153535|500|TIMESTAMP_DESCENDING|1000|1.0
1671306432098|1660419123327|0268527127781967167|4679240012837947855|2304323.942160561|1669692778363|1672523153535|500|TIMESTAMP_DESCENDING|1000|1.0
1671310128368|1640610000170|4815755376542617882|4781415429383917454|6747658.546095331|1669692778363|1672523153535|500|TIMESTAMP_DESCENDING|1000|1.0
1671313922655|1633156769837|4791548528545499120|4660099714421622762|563662.5318717514|1669692778363|1672523153535|500|TIMESTAMP_DESCENDING|1000|1.0
1671318883685|1631785298343|0126945214496507235|0175358910490740040|3629892.757792377|1669692778363|1672523153535|500|TIMESTAMP_DESCENDING|1000|1.0
1671320065929|1658028144887|0183803159792058537|4872613321838170258|80955.64674079126|1669692778363|1672523153535|500|TIMESTAMP_DESCENDING|1000|1.0
1671320814931|1668751135077|4805340802404322949|4907516218950291579|8532639.572600208|1669692778363|1672523153535|500|TIMESTAMP_DESCENDING|1000|1.0
1671324697226|1632650482197|0178173660257846959|4785637554034575779|8117955.400814765|1669692778363|1672523153535|500|TIMESTAMP_DESCENDING|1000|1.0
1671329159745|1650107089085|4787044928918127429|4846717623980786413|4736208.878183765|1669692778363|1672523153535|500|TIMESTAMP_DESCENDING|1000|1.0
1671339164011|1657627743038|4871205946954614198|4753267931712851777|9951419.298899764|1669692778363|1672523153535|500|TIMESTAMP_DESCENDING|1000|1.0
1671342252285|1617517130707|0128915539333482043|0106397541196629477|496224.7368867567|1669692778363|1672523153535|500|TIMESTAMP_DESCENDING|1000|1.0
1671356368600|1654706543666|4764808405757986592|4861635797746452200|8621035.72209416|1669692778363|1672523153535|500|TIMESTAMP_DESCENDING|1000|1.0
1671363884167|1641561853544|0207165582859044429|0076561193665299765|7953551.600617864|1669692778363|1672523153535|500|TIMESTAMP_DESCENDING|1000|1.0
1671368677702|1647301430708|0028710447624489049|0226024406298658878|5275960.227508925|1669692778363|1672523153535|500|TIMESTAMP_DESCENDING|1000|1.0
1671373027366|1650177068517|4846999098957496795|0072902018968060534|1827474.247213241|1669692778363|1672523153535|500|TIMESTAMP_DESCENDING|1000|1.0
1671389872278|1654782182532|0250231254295773857|0213076557369966865|2900439.848419669|1669692778363|1672523153535|500|TIMESTAMP_DESCENDING|1000|1.0
1671390953493|1661312650991|4681491812651634701|4883309370953175071|718991.9194066707|1669692778363|1672523153535|500|TIMESTAMP_DESCENDING|1000|1.0
1671392715722|1665382774465|0284852676431184445|0076561193665298918|9762422.49872523|1669692778363|1672523153535|500|TIMESTAMP_DESCENDING|1000|1.0
1671393587994|1640403657372|0080220368362538903|0203506408161806097|6028079.881248632|1669692778363|1672523153535|500|TIMESTAMP_DESCENDING|1000|1.0
1671395879238|1641708999195|4816036851519325395|4819414551239853122|103004.48831483177|1669692778363|1672523153535|500|TIMESTAMP_DESCENDING|1000|1.0
1671397116272|1640714928624|0128071114403348578|0204632308068647090|8375698.134119287|1669692778363|1672523153535|500|TIMESTAMP_DESCENDING|1000|1.0
1671401395203|1633704935600|4706543085578880826|4793518853382474208|2440661.482084758|1669692778363|1672523153535|500|TIMESTAMP_DESCENDING|1000|1.0
1671410163516|1633268652381|4791830003522209667|4741727457667712846|8291140.980186558|1669692778363|1672523153535|500|TIMESTAMP_DESCENDING|1000|1.0
1671411483343|1645698108258|4832362400168543678|4827295850587751758|5051417.1845414825|1669692778363|1672523153535|500|TIMESTAMP_DESCENDING|1000|1.0
1671412287784|1656312954097|4866983822303955351|4780852479430494891|1518059.9717085063|1669692778363|1672523153535|500|TIMESTAMP_DESCENDING|1000|1.0
1671415926074|1642939081736|4822510775983672362|4823355200913804041|9228130.801677505|1669692778363|1672523153535|500|TIMESTAMP_DESCENDING|1000|1.0
1671427476011|1654247504579|4860228422862899151|4788452303801681847|5639997.096819432|1669692778363|1672523153535|500|TIMESTAMP_DESCENDING|1000|1.0
1671431697406|1646968533419|4796896553102999676|4836584524819202188|9403771.716918614|1669692778363|1672523153535|500|TIMESTAMP_DESCENDING|1000|1.0
1671444031302|1667536838176|0291889550848951584|0226024406298658190|9760617.09857954|1669692778363|1672523153535|500|TIMESTAMP_DESCENDING|1000|1.0
1671446589160|1632792248437|4790422628638657090|4767060205571672072|4139658.294991908|1669692778363|1672523153535|500|TIMESTAMP_DESCENDING|1000|1.0
1671447616551|1640574735875|4815755376542617466|4713579959996649398|1429821.2219139417|1669692778363|1672523153535|500|TIMESTAMP_DESCENDING|1000|1.0
1671454056497|1652244872110|4733846158319816504|4853754498398556014|2305398.4489009306|1669692778363|1672523153535|500|TIMESTAMP_DESCENDING|1000|1.0
1671466016847|1648718282017|0047850746040813200|0230528005926029142|9968528.716696782|1669692778363|1672523153535|500|TIMESTAMP_DESCENDING|1000|1.0
1671472864006|1633473269655|4676988213024261509|4792674428452341111|1662083.4224273483|1669692778363|1672523153535|500|TIMESTAMP_DESCENDING|1000|1.0
1671473524041|1652049486464|0214202457276810522|0241505530017744087|7553337.216731044|1669692778363|1672523153535|500|TIMESTAMP_DESCENDING|1000|1.0
1671476902696|1652589246022|0243194379878008491|0176484810397581593|4533542.178292325|1669692778363|1672523153535|500|TIMESTAMP_DESCENDING|1000|1.0
1671501604212|1654201658795|0088383142687147786|0248542404435511016|1037974.6289431413|1669692778363|1672523153535|500|TIMESTAMP_DESCENDING|1000|1.0
1671525812436|1650190276616|4816036851519324974|4846999098957496898|3337613.6877564555|1669692778363|1672523153535|500|TIMESTAMP_DESCENDING|1000|1.0
1671528303953|1641874699656|4819977501193274844|4787607878871549329|9160639.81847672|1669692778363|1672523153535|500|TIMESTAMP_DESCENDING|1000|1.0
1671531662886|1665306598410|0250794204249195178|0284571201454473988|5213895.814839877|1669692778363|1672523153535|500|TIMESTAMP_DESCENDING|1000|1.0
1671534404171|1642557911360|4822229301006960236|4816036851519325758|2149276.3025546204|1669692778363|1672523153535|500|TIMESTAMP_DESCENDING|1000|1.0
1671536581003|1652245533164|4791830003522208508|4853754498398552614|3401071.3906221366|1669692778363|1672523153535|500|TIMESTAMP_DESCENDING|1000|1.0
1671538561597|1656578520019|0194217733930352808|0256142228806697216|7832456.401039894|1669692778363|1672523153535|500|TIMESTAMP_DESCENDING|1000|1.0
1671542900634|1638321191424|4808437027148138808|4678958537861236870|4980342.108681437|1669692778363|1672523153535|500|TIMESTAMP_DESCENDING|1000|1.0
1671557594707|1661552368519|0197876908627592507|0272467777455916071|392555.98167410644|1669692778363|1672523153535|500|TIMESTAMP_DESCENDING|1000|1.0
1671560203440|1669136229881|0255016328899856452|4908642118857133724|5139566.860993855|1669692778363|1672523153535|500|TIMESTAMP_DESCENDING|1000|1.0
1671577847309|1633010042177|4723150109204811621|0179299560164687912|7343983.882883149|1669692778363|1672523153535|500|TIMESTAMP_DESCENDING|1000|1.0
1671592285981|1665924607094|4884998220813435756|4898227544718839437|7861706.4797840705|1669692778363|1672523153535|500|TIMESTAMP_DESCENDING|1000|1.0
1671602916423|1632442708276|0070368744177665426|0177610710304425500|8962749.30299503|1669692778363|1672523153535|500|TIMESTAMP_DESCENDING|1000|1.0
1671606384417|1648872891079|4842776974306837225|4731031408552706699|3298897.884609234|1669692778363|1672523153535|500|TIMESTAMP_DESCENDING|1000|1.0
1671608638975|1642032193943|4795770653196160868|4820540451146698420|8185724.178522346|1669692778363|1672523153535|500|TIMESTAMP_DESCENDING|1000|1.0
1671621806670|1640637172572|4816036851519327586|4767623155525094324|7581533.998872196|1669692778363|1672523153535|500|TIMESTAMP_DESCENDING|1000|1.0
1671622090668|1666608641526|4900479344532523035|4779726579523651719|1043384.3195820702|1669692778363|1672523153535|500|TIMESTAMP_DESCENDING|1000|1.0
1671624342124|1630024311343|4763682505851142310|4781415429383913640|3078259.132360146|1669692778363|1672523153535|500|TIMESTAMP_DESCENDING|1000|1.0
1671627026751|1645011111874|4830110600354859657|4772971180082596775|9507401.11849346|1669692778363|1672523153535|500|TIMESTAMP_DESCENDING|1000|1.0
1671627608733|1629176403524|0028710447624489049|0166914661189421071|8913565.163867855|1669692778363|1672523153535|500|TIMESTAMP_DESCENDING|1000|1.0
1671645611599|1642324495584|4806185227334453491|0209698857649440154|4885855.443065661|1669692778363|1672523153535|500|TIMESTAMP_DESCENDING|1000|1.0
1671663515051|1653488303619|0200128708441277623|4857695148072504394|2138987.1567624286|1669692778363|1672523153535|500|TIMESTAMP_DESCENDING|1000|1.0
1671677107665|1632029935481|4787889353848260539|4748201382132057990|8289486.457349053|1669692778363|1672523153535|500|TIMESTAMP_DESCENDING|1000|1.0
1671689839861|1646663581833|4689936061952953677|4835458624912362827|6999381.679731321|1669692778363|1672523153535|500|TIMESTAMP_DESCENDING|1000|1.0
1671694968112|1645542955604|4831799450215121279|4825044050774065513|8223838.733214387|1669692778363|1672523153535|500|TIMESTAMP_DESCENDING|1000|1.0
1671698874669|1646968533419|4739194182877315172|4836584524819202188|7083626.473892757|1669692778363|1672523153535|500|TIMESTAMP_DESCENDING|1000|1.0
1671703831687|1640486275802|4765371355711408394|4815473901565904990|8502859.703438489|1669692778363|1672523153535|500|TIMESTAMP_DESCENDING|1000|1.0
1671706455604|1640954121083|4776911829756546837|4816881276449460487|6863338.079067509|1669692778363|1672523153535|500|TIMESTAMP_DESCENDING|1000|1.0
1671714823584|1661721985214|0028710447624489049|0273030727409338441|3235453.776131274|1669692778363|1672523153535|500|TIMESTAMP_DESCENDING|1000|1.0
1671717593384|1647397779454|4816318326496036052|4837991899702756422|248422.74127735652|1669692778363|1672523153535|500|TIMESTAMP_DESCENDING|1000|1.0
1671722623956|1637931543458|0161003686678495432|0195343633837195548|8349203.084834128|1669692778363|1672523153535|500|TIMESTAMP_DESCENDING|1000|1.0
1671723638391|1653468717826|4807029652264586267|4857695148072502670|4012810.022624076|1669692778363|1672523153535|500|TIMESTAMP_DESCENDING|1000|1.0
1671724311808|1667043689267|0166351711235999286|0290200700988688038|5383303.081965291|1669692778363|1672523153535|500|TIMESTAMP_DESCENDING|1000|1.0
1671725066485|1634821080001|4796896553103001590|4790704103615366968|841226.2320088248|1669692778363|1672523153535|500|TIMESTAMP_DESCENDING|1000|1.0
1671727547796|1667091271172|4817162751426170529|4902168194392789153|4113213.9529414424|1669692778363|1672523153535|500|TIMESTAMP_DESCENDING|1000|1.0
1671737647408|1657389835630|0164381386399023713|0258675503597093049|2741332.8847546005|1669692778363|1672523153535|500|TIMESTAMP_DESCENDING|1000|1.0
1671745659305|1641299989214|4818007176356300481|4790422628638656189|486560.5403766105|1669692778363|1672523153535|500|TIMESTAMP_DESCENDING|1000|1.0
1671751039597|1652724234666|4855161873282108221|4801681627707081935|9576895.54325466|1669692778363|1672523153535|500|TIMESTAMP_DESCENDING|1000|1.0
1671757558098|1637686740732|4806466702311164649|4659255289491491873|7153894.662955797|1669692778363|1672523153535|500|TIMESTAMP_DESCENDING|1000|1.0
1671766547165|1645384111582|4743697782504687884|4831517975238410539|6073046.470548833|1669692778363|1672523153535|500|TIMESTAMP_DESCENDING|1000|1.0
1671777999785|1649282295280|0232498330763002944|0158470411888100520|917587.7676299448|1669692778363|1672523153535|500|TIMESTAMP_DESCENDING|1000|1.0
1671778874126|1648069175766|0076561193665298918|0228557681089053326|8790885.22275875|1669692778363|1672523153535|500|TIMESTAMP_DESCENDING|1000|1.0
1671780708844|1647132951008|4837147474772624321|4809562927054982651|2597492.7692212723|1669692778363|1672523153535|500|TIMESTAMP_DESCENDING|1000|1.0
1671780767431|1638960018209|4810407351985115381|4786763453941420279|6601998.244970978|1669692778363|1672523153535|500|TIMESTAMP_DESCENDING|1000|1.0
1671785824997|1654247504579|4860228422862899151|4790704103615367359|7683073.10408647|1669692778363|1672523153535|500|TIMESTAMP_DESCENDING|1000|1.0
1671797325170|1651283276964|4756082681479956708|4850658273654738715|2393564.929646613|1669692778363|1672523153535|500|TIMESTAMP_DESCENDING|1000|1.0
1671799117898|1654247504579|4860228422862899151|4781696904360626341|6833109.897605163|1669692778363|1672523153535|500|TIMESTAMP_DESCENDING|1000|1.0
1671809621158|1653501238753|0213639507323388831|0246009129645113881|2884469.6254074653|1669692778363|1672523153535|500|TIMESTAMP_DESCENDING|1000|1.0
1671820065933|1640459866512|0203787883138514961|4813785051705642958|6769508.800886179|1669692778363|1672523153535|500|TIMESTAMP_DESCENDING|1000|1.0
1671822033901|1645097895764|0218706056904180338|0076561193665298918|4268227.351124053|1669692778363|1672523153535|500|TIMESTAMP_DESCENDING|1000|1.0
1671842856397|1644427391803|0204632308068647770|0216735732067206102|1541090.5495971339|1669692778363|1672523153535|500|TIMESTAMP_DESCENDING|1000|1.0
1671858668294|1641310070917|0206321157928912886|0202943458208384932|1401453.2099615028|1669692778363|1672523153535|500|TIMESTAMP_DESCENDING|1000|1.0
1671860429791|1640937752596|4767060205571673395|4816881276449460109|2953752.6176849273|1669692778363|1672523153535|500|TIMESTAMP_DESCENDING|1000|1.0
1671861116433|1647575858152|0226868831228789438|0164381386399023898|2887301.494873975|1669692778363|1672523153535|500|TIMESTAMP_DESCENDING|1000|1.0
1671861941523|1648001808141|4839962224539733687|4689654586976243430|1796897.5860928216|1669692778363|1672523153535|500|TIMESTAMP_DESCENDING|1000|1.0
1671871141495|1624359437167|0151152062493622702|0121315714962293336|6147839.39860952|1669692778363|1672523153535|500|TIMESTAMP_DESCENDING|1000|1.0
1671892481232|1626592265590|0158470411888100848|0152277962400466542|9745454.865447614|1669692778363|1672523153535|500|TIMESTAMP_DESCENDING|1000|1.0
1671903212368|1637393536533|4793800328359183523|4805340802404320279|4031910.410188508|1669692778363|1672523153535|500|TIMESTAMP_DESCENDING|1000|1.0
1671907703770|1647608059032|4812377676822086760|4838554849656177598|9677832.492036674|1669692778363|1672523153535|500|TIMESTAMP_DESCENDING|1000|1.0
1671920614488|1643146810994|4824199625843934013|4734409108273234673|4706203.906265566|1669692778363|1672523153535|500|TIMESTAMP_DESCENDING|1000|1.0
1671924842690|1657850852229|4872050371884748702|4828984700448018368|1359348.2731528096|1669692778363|1672523153535|500|TIMESTAMP_DESCENDING|1000|1.0
1671930831046|1653803260998|4797178028079710253|4858821047979343928|4414267.736757917|1669692778363|1672523153535|500|TIMESTAMP_DESCENDING|1000|1.0
1671931267138|1671645651091|0305118874754352008|0209135907696018458|3613409.867009786|1669692778363|1672523153535|500|TIMESTAMP_DESCENDING|1000|1.0
1671937808819|1629581361919|4780008054500362965|4679240012837947855|6471614.840052412|1669692778363|1672523153535|500|TIMESTAMP_DESCENDING|1000|1.0
1671938354131|1657627743038|4871205946954614198|4736097958133499422|8098011.804204975|1669692778363|1672523153535|500|TIMESTAMP_DESCENDING|1000|1.0
1671941955521|1659226996846|0028710447624489049|0264867953084729329|9766752.362064734|1669692778363|1672523153535|500|TIMESTAMP_DESCENDING|1000|1.0
1671943485775|1625950128625|4768186105478516532|4727372233855470960|5385593.858099645|1669692778363|1672523153535|500|TIMESTAMP_DESCENDING|1000|1.0
1671955281372|1644723262111|0217580156997337591|4771845280175752003|44930.585411046|1669692778363|1672523153535|500|TIMESTAMP_DESCENDING|1000|1.0
1671957472554|1636125637337|0058828270132528876|4801400152730372402|3774092.2416352653|1669692778363|1672523153535|500|TIMESTAMP_DESCENDING|1000|1.0
1671961276620|1660731538581|0269653027688809935|0185492009652322941|1738310.161406128|1669692778363|1672523153535|500|TIMESTAMP_DESCENDING|1000|1.0
1671961904892|1642887395669|4823355200913803214|4799429827893397262|5813365.148375774|1669692778363|1672523153535|500|TIMESTAMP_DESCENDING|1000|1.0
1671968032865|1643407440165|4825044050774066328|4807029652264584166|3780976.9334886754|1669692778363|1672523153535|500|TIMESTAMP_DESCENDING|1000|1.0
1671973436543|1646171433685|4758053006316932351|4834051250028809799|4019790.6605076496|1669692778363|1672523153535|500|TIMESTAMP_DESCENDING|1000|1.0
1671981276521|1638727750779|0173951535607185951|0198158383604301941|4634328.11714588|1669692778363|1672523153535|500|TIMESTAMP_DESCENDING|1000|1.0
1671992659793|1663239954505|4814629476635771073|4889501820440805601|9970304.345717207|1669692778363|1672523153535|500|TIMESTAMP_DESCENDING|1000|1.0
1672001625714|1655544833879|4779163629570231640|0252764529086169406|2911507.4733313597|1669692778363|1672523153535|500|TIMESTAMP_DESCENDING|1000|1.0
1672009710217|1648184366650|4823636675890513242|4840525174493152566|7539975.884595374|1669692778363|1672523153535|500|TIMESTAMP_DESCENDING|1000|1.0
1672009740343|1651176012302|4850376798678024539|4792111478498918773|4187765.56185666|1669692778363|1672523153535|500|TIMESTAMP_DESCENDING|1000|1.0
1672019214286|1642249770059|0141581913285460803|0209417382672728443|2272078.5134022394|1669692778363|1672523153535|500|TIMESTAMP_DESCENDING|1000|1.0
1672025226174|1658473830707|4817444226402880994|4874020696721722845|986070.3617389533|1669692778363|1672523153535|500|TIMESTAMP_DESCENDING|1000|1.0
1672030909862|1671362173025|0304274449824220833|4801400152730371261|8150659.2300961735|1669692778363|1672523153535|500|TIMESTAMP_DESCENDING|1000|1.0
1672031410279|1654012854551|0247697979505377886|4852910073468423060|1317141.9168925679|1669692778363|1672523153535|500|TIMESTAMP_DESCENDING|1000|1.0
1672045894835|1649930644852|4819696026216563354|4846154674027364838|7676317.234769904|1669692778363|1672523153535|500|TIMESTAMP_DESCENDING|1000|1.0
1672046340853|1663275810064|4677551162977682065|4889501820440805899|1049959.3299670285|1669692778363|1672523153535|500|TIMESTAMP_DESCENDING|1000|1.0
1672049159257|1641120129896|4752142031806008500|4817444226402880615|3367780.882221053|1669692778363|1672523153535|500|TIMESTAMP_DESCENDING|1000|1.0
1672055254352|1647105781774|4799148352916686007|4836865999795913761|3250408.932566974|1669692778363|1672523153535|500|TIMESTAMP_DESCENDING|1000|1.0
1672055281908|1654001929972|4729905508645863827|0247697979505378271|4393023.75978093|1669692778363|1672523153535|500|TIMESTAMP_DESCENDING|1000|1.0
1672057168065|1659226996846|0028710447624489049|0264867953084729329|9582304.950071247|1669692778363|1672523153535|500|TIMESTAMP_DESCENDING|1000|1.0
1672057867139|1651052169522|0238127830297216010|4689373111999532835|9530238.141431943|1669692778363|1672523153535|500|TIMESTAMP_DESCENDING|1000|1.0
1672063646655|1636954790948|4803933427520768801|4778600679616809781|72254.06113381183|1669692778363|1672523153535|500|TIMESTAMP_DESCENDING|1000|1.0
1672066365638|1642249770059|0059391220085948794|0209417382672728443|719176.798299368|1669692778363|1672523153535|500|TIMESTAMP_DESCENDING|1000|1.0
1672071115820|1642467307514|4790985578592080030|0210261807602860188|2530514.55002704|1669692778363|1672523153535|500|TIMESTAMP_DESCENDING|1000|1.0
1672071544671|1651136123364|4724557484088364778|4850095323701314092|7682375.924727745|1669692778363|1672523153535|500|TIMESTAMP_DESCENDING|1000|1.0
1672071857231|1646829263171|4727935183808892758|4836021574865784222|9818419.93945089|1669692778363|1672523153535|500|TIMESTAMP_DESCENDING|1000|1.0
1672083366380|1643916107133|4826732900634332471|4692187861766639509|5645457.551832287|1669692778363|1672523153535|500|TIMESTAMP_DESCENDING|1000|1.0
1672086874914|1635979784702|0117093590311634786|0189151184349562680|844380.1371805426|1669692778363|1672523153535|500|TIMESTAMP_DESCENDING|1000|1.0
1672088091437|1638144529940|0150307637563492259|0196188058767328963|6641590.355974648|1669692778363|1672523153535|500|TIMESTAMP_DESCENDING|1000|1.0
1672088716238|1647065918969|4748764332085479058|4836865999795915143|5512402.851273569|1669692778363|1672523153535|500|TIMESTAMP_DESCENDING|1000|1.0
1672099301034|1640384475728|4815192426589194007|4787607878871549729|9144287.545542948|1669692778363|1672523153535|500|TIMESTAMP_DESCENDING|1000|1.0
1672099650460|1645589709510|4757771531340218724|4832080925191833982|765160.7597023769|1669692778363|1672523153535|500|TIMESTAMP_DESCENDING|1000|1.0
1672100762106|1645811834961|4832925350121965848|4716957659717175404|1531877.2267998715|1669692778363|1672523153535|500|TIMESTAMP_DESCENDING|1000|1.0
1672107391609|1635930425948|4800555727800240188|4735535008180079700|2289585.4432837493|1669692778363|1672523153535|500|TIMESTAMP_DESCENDING|1000|1.0
1672107679936|1662824325733|0200973133371410370|4888094445557253236|6398316.201732316|1669692778363|1672523153535|500|TIMESTAMP_DESCENDING|1000|1.0
1672111098439|1667223589306|4745105157388240759|4902449669369497607|9813223.039297268|1669692778363|1672523153535|500|TIMESTAMP_DESCENDING|1000|1.0
1672123683066|1645737255812|0173388585653764771|0220957856717865478|169912.61783383836|1669692778363|1672523153535|500|TIMESTAMP_DESCENDING|1000|1.0
1672128340089|1662936613717|4808155552171428905|4888657395510676779|1113551.7862382482|1669692778363|1672523153535|500|TIMESTAMP_DESCENDING|1000|1.0
1672134223763|1639694831046|4774941504919569271|4812940626775507719|2776133.9173696986|1669692778363|1672523153535|500|TIMESTAMP_DESCENDING|1000|1.0
1672153809123|1644306126038|4827858800541172542|4734409108273234532|657910.9676031714|1669692778363|1672523153535|500|TIMESTAMP_DESCENDING|1000|1.0
1672155433279|1635204763947|4798303927986554731|4793237378405762866|339468.1150968581|1669692778363|1672523153535|500|TIMESTAMP_DESCENDING|1000|1.0
1672172375564|1640282001565|4772408230129174263|4814910951612483345|1745360.518585477|1669692778363|1672523153535|500|TIMESTAMP_DESCENDING|1000|1.0
1672189220896|1667191630559|4709639310322699378|4902449669369497986|1001935.2247268276|1669692778363|1672523153535|500|TIMESTAMP_DESCENDING|1000|1.0
1672191476033|1671645651091|0305118874754352008|0166351711235998736|6632266.433130543|1669692778363|1672523153535|500|TIMESTAMP_DESCENDING|1000|1.0
1672191840118|1649074178271|0221520806671288378|0231653905832871860|2109556.3365326077|1669692778363|1672523153535|500|TIMESTAMP_DESCENDING|1000|1.0
1672196232637|1642814604508|4760023331153907942|4823073725937094430|6215454.231246969|1669692778363|1672523153535|500|TIMESTAMP_DESCENDING|1000|1.0
1672208666910|1668876880584|0296111675499611812|0199565758487856705|6704556.0264239535|1669692778363|1672523153535|500|TIMESTAMP_DESCENDING|1000|1.0
1672211923787|1640149957212|0161003686678496613|4814348001659063483|9388236.883899296|1669692778363|1672523153535|500|TIMESTAMP_DESCENDING|1000|1.0
1672211973020|1643251258080|0064176294690031045|0212795082393257340|4568741.586922541|1669692778363|1672523153535|500|TIMESTAMP_DESCENDING|1000|1.0
1672212546086|1642427606591|0209980332626150429|0191684459139957471|5595818.854752516|1669692778363|1672523153535|500|TIMESTAMP_DESCENDING|1000|1.0
1672218256069|1649930644852|4831236500261700236|4846154674027364838|4407942.011674893|1669692778363|1672523153535|500|TIMESTAMP_DESCENDING|1000|1.0
1672222489196|1628502734493|0163255486492181928|0164662861375735142|9185605.53070804|1669692778363|1672523153535|500|TIMESTAMP_DESCENDING|1000|1.0
1672230670624|1640775767154|4812377676822089681|4816318326496038892|6700714.453659656|1669692778363|1672523153535|500|TIMESTAMP_DESCENDING|1000|1.0
1672236148605|1641223036490|4815192426589193076|4817725701379588782|7584447.832636839|1669692778363|1672523153535|500|TIMESTAMP_DESCENDING|1000|1.0
1672238487690|1648259284465|4840806649469865070|4785637554034576444|5030368.580566184|1669692778363|1672523153535|500|TIMESTAMP_DESCENDING|1000|1.0
1672242500381|1666189573297|4899071969648968279|4827858800541172169|8560569.897198455|1669692778363|1672523153535|500|TIMESTAMP_DESCENDING|1000|1.0
1672244814840|1655439265847|4864169072536850229|4785074604081156399|45445.695010650765|1669692778363|1672523153535|500|TIMESTAMP_DESCENDING|1000|1.0
1672269397029|1658328576722|0261771728340912164|4781133954407205459|2596492.019782117|1669692778363|1672523153535|500|TIMESTAMP_DESCENDING|1000|1.0
1672275947927|1660030052908|0267401227875125091|4655877589770961691|696874.486012281|1669692778363|1672523153535|500|TIMESTAMP_DESCENDING|1000|1.0
1672280708849|1654201658795|0130041439240324778|0248542404435511016|9425103.365474802|1669692778363|1672523153535|500|TIMESTAMP_DESCENDING|1000|1.0
1672284692610|1644497321501|4818570126309721420|0216735732067205993|5912760.346449121|1669692778363|1672523153535|500|TIMESTAMP_DESCENDING|1000|1.0
1672287089590|1638830330011|0198439858581013475|0168040561096262465|8940801.03839345|1669692778363|1672523153535|500|TIMESTAMP_DESCENDING|1000|1.0
1672288486775|1661403142239|4883590845929885050|4818851601286434174|5768497.075923158|1669692778363|1672523153535|500|TIMESTAMP_DESCENDING|1000|1.0
1672288646310|1641936953635|4816599801472747108|4820258976169988285|582297.4372682343|1669692778363|1672523153535|500|TIMESTAMP_DESCENDING|1000|1.0
1672290762036|1642121373496|4678114112931107073|4820821926123405698|2812424.0823146864|1669692778363|1672523153535|500|TIMESTAMP_DESCENDING|1000|1.0
1672303501308|1643636360554|0213920982300099266|0205758207975490334|1970983.4573595996|1669692778363|1672523153535|500|TIMESTAMP_DESCENDING|1000|1.0
1672303889428|1671645651091|4807874077194718104|0305118874754352008|3170089.707098149|1669692778363|1672523153535|500|TIMESTAMP_DESCENDING|1000|1.0
1672337566584|1640448918452|4815473901565902898|4799992777846816834|8924667.411330432|1669692778363|1672523153535|500|TIMESTAMP_DESCENDING|1000|1.0
1672343541564|1657480695185|0213076557369966865|4870642997001194200|2084324.9978457657|1669692778363|1672523153535|500|TIMESTAMP_DESCENDING|1000|1.0
1672346900568|1657186044635|4844184349190390972|4869798572071062208|3222407.533782021|1669692778363|1672523153535|500|TIMESTAMP_DESCENDING|1000|1.0
1672348239972|1649930644852|4798303927986553566|4846154674027364838|4019620.424836534|1669692778363|1672523153535|500|TIMESTAMP_DESCENDING|1000|1.0
1672356484249|1649331571116|4844184349190390506|4639270566145032751|6549763.0972535955|1669692778363|1672523153535|500|TIMESTAMP_DESCENDING|1000|1.0
1672359248265|1646871775428|4808155552171426789|4836303049842492233|9839370.01516533|1669692778363|1672523153535|500|TIMESTAMP_DESCENDING|1000|1.0
1672363294453|1644742071093|4829266175424727849|4805340802404322437|8667486.709740538|1669692778363|1672523153535|500|TIMESTAMP_DESCENDING|1000|1.0
1672365108577|1661204971766|4883027895976464126|4823073725937094430|2996556.187048308|1669692778363|1672523153535|500|TIMESTAMP_DESCENDING|1000|1.0
1672370026350|1654155254563|4845310249097233346|4859946947886187308|3235932.643074848|1669692778363|1672523153535|500|TIMESTAMP_DESCENDING|1000|1.0
1672376620554|1644971665756|0174233010583896126|4830110600354859157|6360626.2058272315|1669692778363|1672523153535|500|TIMESTAMP_DESCENDING|1000|1.0
1672377458520|1635435854737|4799148352916686553|4790704103615366838|6371572.992248539|1669692778363|1672523153535|500|TIMESTAMP_DESCENDING|1000|1.0
1672385431060|1640718809822|0204632308068647770|4798303927986553943|6958938.017856207|1669692778363|1672523153535|500|TIMESTAMP_DESCENDING|1000|1.0
1672401676013|1643023015113|4823636675890515634|0205195258022069660|21202.81054862505|1669692778363|1672523153535|500|TIMESTAMP_DESCENDING|1000|1.0
1672407642337|1659023060747|4875709546581987483|0209417382672728412|2726725.089512233|1669692778363|1672523153535|500|TIMESTAMP_DESCENDING|1000|1.0
1672411769403|1668751135077|4736097958133501571|4907516218950291579|5334135.694942767|1669692778363|1672523153535|500|TIMESTAMP_DESCENDING|1000|1.0
1672412854704|1669458490142|4813222101752221934|4909768018763976927|6761818.904007309|1669692778363|1672523153535|500|TIMESTAMP_DESCENDING|1000|1.0
1672413905491|1653062844282|4856287773188948439|4735816483156787626|8837544.536887756|1669692778363|1672523153535|500|TIMESTAMP_DESCENDING|1000|1.0
1672422705589|1666595739305|0213639507323388831|0288793326105133557|1175635.6836190673|1669692778363|1672523153535|500|TIMESTAMP_DESCENDING|1000|1.0
1672446644517|1641858656362|4819977501193274548|4801118677753660476|2606037.317496103|1669692778363|1672523153535|500|TIMESTAMP_DESCENDING|1000|1.0
1672448929217|1661008062618|0270497452618942078|0230809480902739674|3980027.2052300656|1669692778363|1672523153535|500|TIMESTAMP_DESCENDING|1000|1.0
1672455495598|1640027045765|4814066526682353645|0170292360909947020|8967191.75662982|1669692778363|1672523153535|500|TIMESTAMP_DESCENDING|1000|1.0
1672458333946|1654777355839|4860228422862899151|4861917272723163068|8002633.598413819|1669692778363|1672523153535|500|TIMESTAMP_DESCENDING|1000|1.0
1672460566366|1622607202608|0145522562959410653|0144678138029278608|3194209.0458963644|1669692778363|1672523153535|500|TIMESTAMP_DESCENDING|1000|1.0
1672463417051|1666119192319|4898790494672257509|4794081803335893399|92393.10675441481|1669692778363|1672523153535|500|TIMESTAMP_DESCENDING|1000|1.0
1672477976459|1657627743038|4783385754220890658|4871205946954614198|1730849.159265092|1669692778363|1672523153535|500|TIMESTAMP_DESCENDING|1000|1.0
1672481558137|1661005158392|0134263563890983340|0270497452618940842|25081.115057901116|1669692778363|1672523153535|500|TIMESTAMP_DESCENDING|1000|1.0
1672497035251|1656656578917|4667981013769519493|4868109722210796687|2094452.02657758|1669692778363|1672523153535|500|TIMESTAMP_DESCENDING|1000|1.0
1672497923501|1626933504215|4740320082784159061|4771282330222331085|5877275.70004575|1669692778363|1672523153535|500|TIMESTAMP_DESCENDING|1000|1.0
1672504227560|1671645651091|0305118874754352008|0163255486492181928|9895244.135854114|1669692778363|1672523153535|500|TIMESTAMP_DESCENDING|1000|1.0
1672506970861|1657407638352|4772971180082596553|4870642997001194489|4782514.041552034|1669692778363|1672523153535|500|TIMESTAMP_DESCENDING|1000|1.0
1672508069882|1645737255812|0203506408161804972|0220957856717865478|9216616.112398628|1669692778363|1672523153535|500|TIMESTAMP_DESCENDING|1000|1.0
1672523153535|1657218733790|0258112553643672273|0130322914217034053|5887913.091547584|1669692778363|1672523153535|500|TIMESTAMP_DESCENDING|1000|1.0
