createTime|dependencyTime|personId|loanId|loanAmount|balance|loanUsage|interestRate|org
1669692124752|1600500806724|6597069766746|4910612443694104719|2341061.0|2341061.0|education|0.079|Bank of America
1669707529718|1632138839474|17592186048883|4910612443694110514|58206600.0|58206600.0|major purchases|0.07|Funding Circle
1669722235049|1640603227169|19791209301338|4910612443694106444|31892553.0|31892553.0|medical expenses|0.055|OnDeck
1669722997527|1585243027477|2199023262514|4910612443694113953|96229744.0|96229744.0|renovations|0.054|Avant
1669724434088|1627695087275|15393162796721|4910612443694115176|49358907.0|49358907.0|major purchases|0.086|Chase Bank
1669726049281|1604586133384|8796093029515|4910612443694114413|37115787.0|37115787.0|education|0.1|Peerform
1669727480994|1639079321273|19791209305033|4910612443694111362|53506549.0|53506549.0|investing|0.058|Fundbox
1669728379760|1637858318105|19791209306782|4910612443694113765|78019128.0|78019128.0|investing|0.027|Marcus by Goldman Sachs
1669732492603|1634145825270|17592186051326|4910612443694113891|18839635.0|18839635.0|medical expenses|0.005|Kabbage
1669741150610|1640580288317|19791209306244|4910612443694113020|64981466.0|64981466.0|renovations|0.021|Fundbox
1669750673271|1578790972349|4905|4910612443694111144|530485.0|530485.0|debt consolidation|0.021|Fundbox
1669753814197|1640773192772|19791209303745|4910612443694109654|1018768.0|1018768.0|vacations|0.032|Citibank
1669771441177|1610476282345|8796093024692|4910893918670818583|34004617.0|34004617.0|vacations|0.049|SunTrust
1669772916917|1609071848874|8796093024417|4910893918670818182|67579645.0|67579645.0|business ventures|0.099|State Farm Bank
1669783045149|1590540704360|2199023263453|4910893918670825901|90154676.0|90154676.0|renovations|0.046|Marcus by Goldman Sachs
1669787955497|1623284375060|13194139538474|4910893918670822166|58062430.0|58062430.0|vacations|0.071|State Farm Bank
1669791188960|1595941712199|4398046513604|4910893918670818612|85819556.0|85819556.0|funerals|0.073|Citibank
1669792694426|1617537918737|13194139538047|4910893918670821571|32856180.0|32856180.0|other|0.063|Upstart
1669796109752|1625197327698|15393162790203|4910893918670817056|21857624.0|21857624.0|major purchases|0.09|US Bank
1669823223982|1626161023108|15393162793293|4910893918670821121|1056368.0|1056368.0|vacations|0.088|LightStream
1669832819599|1605314060217|8796093023545|4910893918670817052|24967686.0|24967686.0|vacations|0.009|Upstart
1669838062819|1622889464602|13194139535155|4910893918670817714|15751214.0|15751214.0|debt consolidation|0.055|Avant
1669838090024|1630352007236|17592186048486|4910893918670820710|97015576.0|97015576.0|other|0.009|Fundrise
1669841412052|1599645476482|6597069771393|4910893918670821573|87568230.0|87568230.0|medical expenses|0.082|Avant
1669850851930|1584245421632|6062|4911175393647534061|38364585.0|38364585.0|funerals|0.014|LendingPoint
1669854755806|1617231044193|13194139537750|4911175393647531795|30497169.0|30497169.0|education|0.041|Chase Bank
1669867494235|1635380586006|17592186044925|4911175393647526575|31657282.0|31657282.0|major purchases|0.051|Upstart
1669875553232|1603527725836|6597069767317|4911175393647526781|45423558.0|45423558.0|major purchases|0.057|BlueVine
1669878047156|1598283120903|6597069769654|4911175393647529936|48503598.0|48503598.0|business ventures|0.013|Navy Federal Credit Union
1669898385430|1612617079576|10995116280521|4911175393647529638|89855955.0|89855955.0|investing|0.002|Capital One
1669903471201|1639226213389|19791209300236|4911175393647526273|40898290.0|40898290.0|weddings|0.085|Navy Federal Credit Union
1669906979572|1607162526378|8796093027637|4911175393647533185|54410605.0|54410605.0|weddings|0.085|Avant
1669907203370|1635137875832|17592186051627|4911175393647535589|12909690.0|12909690.0|investing|0.034|Citibank
1669919186033|1585481513704|2199023260930|4911175393647533109|92257800.0|92257800.0|education|0.056|Prosper
1669920528536|1629885957026|15393162791089|4911175393647528869|42667100.0|42667100.0|business ventures|0.024|Fundbox
1669921036733|1607526389553|8796093029355|4911175393647535490|98905818.0|98905818.0|other|0.092|PNC Bank
1669923497258|1579994746137|5061|4911175393647532666|20684782.0|20684782.0|vacations|0.051|LendingPoint
1669924042273|1613549444853|10995116283602|4911175393647533770|71092004.0|71092004.0|education|0.021|RealtyMogul
1669932883856|1633883175941|17592186048847|4911175393647531786|87175000.0|87175000.0|debt consolidation|0.035|LightStream
1669935267063|1635731052860|17592186045733|4911175393647527665|70632018.0|70632018.0|funerals|0.027|OneMain Financial
1669935341710|1590541394268|2199023261652|4911175393647534112|48876187.0|48876187.0|medical expenses|0.034|Fundbox
1669949684760|1628111576919|15393162795891|4911456868624245997|60042630.0|60042630.0|investing|0.035|American Express
1669952170946|1620484849153|13194139538222|4911456868624243119|82122054.0|82122054.0|other|0.022|Upstart
1669958494167|1636920795594|19791209307528|4911456868624246719|38991064.0|38991064.0|other|0.051|BlueVine
1669959381379|1586785037782|2199023259158|4911456868624241378|83090784.0|83090784.0|weddings|0.046|Patch of Land
1669962924477|1621869464921|13194139541199|4911456868624247195|39411276.0|39411276.0|renovations|0.017|Capital One
1669967070067|1621094713007|13194139540865|4911456868624246709|2100860.0|2100860.0|vacations|0.03|US Bank
1669974717942|1587616032845|2199023257225|4911456868624238808|94519781.0|94519781.0|major purchases|0.025|Wells Fargo
1669975775353|1621807566368|13194139535919|4911456868624240076|35819410.0|35819410.0|renovations|0.096|Patch of Land
1669976127159|1586515598738|2199023259484|4911456868624241841|44038594.0|44038594.0|major purchases|0.044|Earnest
1669980098853|1588645326986|2199023261851|4911456868624245039|74985359.0|74985359.0|education|0.012|Marcus by Goldman Sachs
1669980822841|1640531497620|19791209306688|4911456868624245590|16229196.0|16229196.0|business ventures|0.092|Funding Circle
1669980884261|1612982328343|10995116280006|4911456868624239555|98913806.0|98913806.0|weddings|0.011|Citibank
1669981661596|1603911160663|6597069774511|4911456868624247142|48015717.0|48015717.0|other|0.07|Prosper
1669983055762|1610197085951|8796093022821|4911456868624237378|32520444.0|32520444.0|debt consolidation|0.028|BlueVine
1669986583156|1584590863903|2199023261477|4911456868624244530|24546448.0|24546448.0|other|0.07|Bank of America
1669993122554|1599111335480|6597069770983|4911456868624242308|33485744.0|33485744.0|investing|0.04|Roofstock
1669998782448|1629389967422|15393162793588|4911456868624242859|86555658.0|86555658.0|investing|0.007|Bank of America
1669998904004|1640291907639|19791209306459|4911456868624245287|47376133.0|47376133.0|major purchases|0.077|American Express
1670004775578|1597190734565|4398046517775|4911456868624245520|35436044.0|35436044.0|weddings|0.009|SoFi
1670005007664|1627736139433|15393162794506|4911456868624244154|68518854.0|68518854.0|investing|0.063|LightStream
1670008508106|1601652739029|6597069767696|4911456868624237951|78838454.0|78838454.0|debt consolidation|0.018|Upgrade
1670013331252|1611078608106|10995116285033|4911456868624246324|90021908.0|90021908.0|medical expenses|0.023|Earnest
1670014553690|1628961500190|15393162790260|4911456868624238449|32857237.0|32857237.0|weddings|0.079|Fundrise
1670020731325|1611572738386|10995116278663|4911456868624237757|15442926.0|15442926.0|renovations|0.0|Discover
1670023650591|1619747519868|13194139536794|4911738343600951878|78868942.0|78868942.0|weddings|0.069|Roofstock
1670023995082|1591582172311|4398046513789|4911738343600950835|29512901.0|29512901.0|other|0.043|Capital One
1670026181765|1582432825608|3512|4911738343600951925|19012225.0|19012225.0|medical expenses|0.016|Kabbage
1670026315993|1594745030080|4398046513838|4911738343600950908|34098604.0|34098604.0|weddings|0.098|Discover
1670028558826|1606037383285|8796093028178|4911738343600955243|95105617.0|95105617.0|business ventures|0.077|PNC Bank
1670038582016|1583210485511|7084|4911738343600956721|18464777.0|18464777.0|debt consolidation|0.061|Upgrade
1670039372906|1581174881858|1687|4911738343600949488|19654351.0|19654351.0|debt consolidation|0.067|Wells Fargo
1670045354097|1622867146991|13194139540708|4911738343600957145|73962723.0|73962723.0|education|0.053|Capital One
1670047522835|1606206299260|8796093028148|4911738343600955209|38278136.0|38278136.0|education|0.026|LightStream
1670057530960|1615509691558|10995116278431|4911738343600948106|95263305.0|95263305.0|funerals|0.091|Earnest
1670062906863|1608712779002|8796093022365|4911738343600947437|17610996.0|17610996.0|renovations|0.098|Capital One
1670063869935|1625692900344|15393162794672|4911738343600955029|70302578.0|70302578.0|funerals|0.034|Chase Bank
1670070849020|1604295121636|8796093024691|4911738343600950549|3499051.0|3499051.0|major purchases|0.029|Capital One
1670072657676|1633471172968|17592186052220|4911738343600957722|15570298.0|15570298.0|medical expenses|0.021|Fundrise
1670078816713|1635067232570|17592186050334|4911738343600955178|45477569.0|45477569.0|renovations|0.073|LendingPoint
1670083392740|1633499726174|17592186051885|4911738343600957242|46647646.0|46647646.0|renovations|0.011|American Express
1670083770809|1631843438119|17592186051288|4911738343600956468|85505703.0|85505703.0|funerals|0.011|State Farm Bank
1670085022518|1599715876039|6597069773049|4911738343600955795|64522470.0|64522470.0|major purchases|0.042|American Express
1670096544055|1586236075081|2199023261854|4911738343600955698|33394950.0|33394950.0|weddings|0.099|Rocket Loans
1670114610782|1589504066176|2199023260034|4912019818577663813|57980833.0|57980833.0|education|0.045|Patch of Land
1670114717025|1637023309897|19791209302830|4912019818577661728|4069618.0|4069618.0|vacations|0.071|Kabbage
1670118911056|1634021492434|17592186047360|4912019818577661823|41878191.0|41878191.0|major purchases|0.053|Earnest
1670119649759|1588940714107|2199023255855|4912019818577658277|72087439.0|72087439.0|education|0.026|Rocket Loans
1670119834593|1609961816664|8796093025043|4912019818577661701|37331372.0|37331372.0|debt consolidation|0.005|Best Egg
1670123239106|1593301483474|4398046517395|4912019818577666332|38296017.0|38296017.0|weddings|0.031|Rocket Loans
1670130497905|1599544873461|6597069774628|4912019818577668614|32856692.0|32856692.0|education|0.021|Earnest
1670131116411|1628272857259|15393162794279|4912019818577665130|99313483.0|99313483.0|medical expenses|0.066|Wells Fargo
1670135483858|1623065414852|13194139538463|4912019818577664774|94604446.0|94604446.0|business ventures|0.079|US Bank
1670143591841|1606630434845|8796093026128|4912019818577663138|23300136.0|23300136.0|weddings|0.039|American Express
1670151460973|1638888413878|19791209307039|4912019818577667359|93840482.0|93840482.0|education|0.093|Citibank
1670157613433|1637783598598|19791209300529|4912019818577658618|97977911.0|97977911.0|investing|0.092|OnDeck
1670161654434|1583731950585|1126|4912019818577659393|81286614.0|81286614.0|renovations|0.054|Wells Fargo
1670165723291|1585350407535|2199023258078|4912019818577661278|27392958.0|27392958.0|major purchases|0.019|Roofstock
1670167821684|1588506752355|2199023262267|4912019818577666894|64455642.0|64455642.0|investing|0.019|Avant
1670169437017|1596446691887|4398046515256|4912019818577663432|54940648.0|54940648.0|major purchases|0.034|Bank of America
1670174730257|1604773307279|8796093029937|4912019818577668287|98872301.0|98872301.0|major purchases|0.083|Kabbage
1670191307352|1607861053886|8796093023269|4912019818577659298|17791176.0|17791176.0|weddings|0.05|Marcus by Goldman Sachs
1670191367012|1602877296335|6597069771150|4912019818577663844|62608561.0|62608561.0|renovations|0.081|Fundbox
1670193688017|1638888413878|19791209307039|4912019818577667360|89088950.0|89088950.0|weddings|0.021|Rocket Loans
1670197069463|1611315369385|10995116280347|4912301293554372005|56982669.0|56982669.0|renovations|0.052|American Express
1670214179335|1639062051650|19791209304494|4912301293554374535|91926732.0|91926732.0|business ventures|0.03|Upstart
1670216550299|1637266434407|19791209303654|4912301293554373452|37967271.0|37967271.0|medical expenses|0.003|Fundrise
1670225519189|1598872368195|6597069767077|4912301293554369076|49230745.0|49230745.0|renovations|0.018|Marcus by Goldman Sachs
1670226752718|1624850224525|15393162789364|4912301293554369183|97381976.0|97381976.0|funerals|0.088|Peerform
1670228945891|1597190734565|4398046517775|4912301293554377489|8617112.0|8617112.0|investing|0.069|Best Egg
1670232013022|1639859781286|19791209305001|4912301293554375261|86754554.0|86754554.0|vacations|0.054|Fundrise
1670245083300|1608061786804|8796093029486|4912301293554378303|84378009.0|84378009.0|other|0.002|Patch of Land
1670271261187|1593635229879|4398046519014|4912301293554379198|87210294.0|87210294.0|education|0.08|Funding Circle
1670274085671|1592013078275|4398046513156|4912301293554371272|84923169.0|84923169.0|vacations|0.071|Chase Bank
1670281856623|1624430491391|15393162789537|4912301293554369420|99052316.0|99052316.0|major purchases|0.013|Kabbage
1670286628446|1630276735364|17592186046315|4912582768531081725|79618245.0|79618245.0|major purchases|0.004|Marcus by Goldman Sachs
1670290183105|1582978374667|7174|4912582768531088806|90456635.0|90456635.0|business ventures|0.032|Patch of Land
1670290397327|1633543872142|17592186047919|4912582768531083876|56585051.0|56585051.0|funerals|0.045|OnDeck
1670304378789|1628111576919|15393162795891|4912582768531088619|42157038.0|42157038.0|education|0.036|Wells Fargo
1670317690995|1592183184852|4398046514169|4912582768531083300|80261627.0|80261627.0|business ventures|0.003|Upgrade
1670329814983|1637344925576|19791209303915|4912582768531084488|55948431.0|55948431.0|other|0.033|Navy Federal Credit Union
1670333419783|1601349395695|6597069766750|4912582768531079314|82492340.0|82492340.0|vacations|0.088|Citibank
1670333725769|1581083126881|372|4912582768531079662|92439756.0|92439756.0|medical expenses|0.042|Avant
1670336019506|1621061610589|13194139537261|4912582768531084491|16028031.0|16028031.0|major purchases|0.092|LendingPoint
1670338364512|1630298724345|17592186046471|4912582768531081934|42116744.0|42116744.0|major purchases|0.086|Chase Bank
1670341598784|1637695388138|19791209304008|4912582768531084618|70257414.0|70257414.0|investing|0.064|Discover
1670355869974|1579799151110|263|4912582768531079550|47462777.0|47462777.0|renovations|0.012|Wells Fargo
1670356926676|1633020665489|17592186051904|4912582768531089233|15813160.0|15813160.0|other|0.003|Marcus by Goldman Sachs
1670362670075|1582786639811|5586|4912582768531086702|9718542.0|9718542.0|funerals|0.053|Discover
1670363199342|1625740181827|15393162790270|4912582768531081088|23195609.0|23195609.0|business ventures|0.067|Capital One
1670365866160|1635386722628|17592186050098|4912582768531086839|39961772.0|39961772.0|renovations|0.1|Rocket Loans
1670382055542|1638956271557|19791209305028|4912864243507796597|19704090.0|19704090.0|renovations|0.091|PNC Bank
1670383767832|1611806236525|10995116279058|4912864243507791577|91328378.0|91328378.0|other|0.035|PNC Bank
1670393105694|1610233057589|8796093029452|4912864243507799565|68282887.0|68282887.0|renovations|0.047|SoFi
1670394922235|1629050636738|15393162794742|4912864243507797746|37816944.0|37816944.0|medical expenses|0.052|Fundbox
1670407127407|1624508887313|15393162791098|4912864243507792816|27782240.0|27782240.0|other|0.038|Bank of America
1670407790094|1610499415760|8796093028231|4912864243507797931|48368790.0|48368790.0|major purchases|0.03|Capital One
1670414949310|1640295946450|19791209304396|4912864243507795711|28608650.0|28608650.0|business ventures|0.062|OneMain Financial
1670417456648|1639369815078|19791209302279|4912864243507792945|28900778.0|28900778.0|business ventures|0.035|Fundbox
1670418851339|1593355122912|4398046513187|4912864243507792633|14099436.0|14099436.0|business ventures|0.026|Upgrade
1670419479381|1589737159987|2199023256264|4912864243507790776|46571031.0|46571031.0|debt consolidation|0.097|State Farm Bank
1670419753595|1607680453598|8796093029065|4912864243507799078|70364608.0|70364608.0|vacations|0.097|Peerform
1670434233469|1626731276722|15393162792047|4912864243507794120|26615168.0|26615168.0|investing|0.039|Avant
1670434477002|1615900145771|10995116279306|4912864243507791917|45627968.0|45627968.0|funerals|0.017|Citibank
1670435288529|1620151341649|13194139537550|4912864243507795475|20929685.0|20929685.0|major purchases|0.056|OnDeck
1670438202056|1629485102087|15393162794448|4912864243507797354|75360687.0|75360687.0|medical expenses|0.05|Upstart
1670445260452|1638780300332|19791209304675|4912864243507796117|31640036.0|31640036.0|funerals|0.082|LendingClub
1670446938367|1588167159381|2199023262340|4912864243507798976|14043844.0|14043844.0|medical expenses|0.041|Prosper
1670455145908|1612060289347|10995116285003|4912864243507799563|77534579.0|77534579.0|investing|0.038|LendingPoint
1670455848872|1623391508181|13194139538238|4913145718484507084|91196874.0|91196874.0|medical expenses|0.028|LendingPoint
1670456420818|1591040848963|4398046514592|4913145718484505170|31423520.0|31423520.0|funerals|0.003|LendingClub
1670465141955|1623323642767|13194139539955|4913145718484509416|71306379.0|71306379.0|investing|0.076|Rocket Loans
1670467257540|1614393207610|10995116281722|4913145718484505835|76088061.0|76088061.0|major purchases|0.055|TD Bank
1670475246760|1601490161633|6597069771784|4913145718484507362|49576441.0|49576441.0|education|0.079|Best Egg
1670478203225|1590672664350|2199023258145|4913145718484503982|29306028.0|29306028.0|weddings|0.0|Capital One
1670487693697|1631516137631|17592186045752|4913145718484502299|296732.0|296732.0|weddings|0.04|American Express
1670497055421|1637521641346|19791209304708|4913145718484506830|80641352.0|80641352.0|vacations|0.068|Marcus by Goldman Sachs
1670502815336|1609220129236|8796093022424|4913145718484500787|40479700.0|40479700.0|investing|0.013|LightStream
1670510299786|1619006226029|13194139533895|4913145718484501276|31918544.0|31918544.0|funerals|0.021|Marcus by Goldman Sachs
1670514234404|1599848354581|6597069774632|4913145718484511247|61185332.0|61185332.0|medical expenses|0.026|American Express
1670524963567|1640167564870|19791209305088|4913145718484507348|50353136.0|50353136.0|medical expenses|0.047|Citibank
1670539189086|1616813860496|10995116281542|4913145718484505567|98310026.0|98310026.0|business ventures|0.094|Citibank
1670546945959|1635784518521|17592186052286|4913427193461221760|49956796.0|49956796.0|debt consolidation|0.057|Discover
1670547931681|1599321726763|6597069768815|4913427193461214025|12739274.0|12739274.0|investing|0.004|American Express
1670550147291|1591982098309|4398046518996|4913427193461221799|5829134.0|5829134.0|other|0.091|State Farm Bank
1670551761898|1637147304448|19791209302096|4913427193461213986|78483702.0|78483702.0|medical expenses|0.075|US Bank
1670552673228|1624766023135|15393162796697|4913427193461221699|61370174.0|61370174.0|renovations|0.004|Fundbox
1670552862850|1636225158423|17592186051843|4913427193461221122|41702114.0|41702114.0|business ventures|0.066|PNC Bank
1670557908045|1627780392461|15393162795820|4913427193461220504|14767592.0|14767592.0|renovations|0.015|LightStream
1670575334693|1633431429372|17592186048548|4913427193461216678|73977534.0|73977534.0|education|0.058|Discover
1670579405369|1605542520546|8796093026147|4913427193461216440|90745595.0|90745595.0|business ventures|0.081|Upgrade
1670581800061|1633676994781|17592186044559|4913427193461211345|18902798.0|18902798.0|education|0.066|Bank of America
1670585500514|1639581684510|19791209306289|4913427193461219652|33107607.0|33107607.0|education|0.095|TD Bank
1670595371068|1639197214227|19791209304177|4913427193461216767|29328283.0|29328283.0|vacations|0.081|Roofstock
1670596836120|1637857771414|19791209303009|4913427193461215237|79916991.0|79916991.0|vacations|0.03|LendingClub
1670597507443|1630068643661|15393162794326|4913427193461218486|96726331.0|96726331.0|funerals|0.085|Avant
1670597783557|1636002462583|17592186046761|4913427193461214307|20349542.0|20349542.0|investing|0.095|Citibank
1670604393085|1640402341635|19791209302194|4913427193461214120|41216005.0|41216005.0|investing|0.098|OnDeck
1670610193157|1621543182680|13194139538641|4913427193461218303|86239184.0|86239184.0|business ventures|0.006|Patch of Land
1670613469181|1615286782390|10995116279273|4913427193461213184|36398434.0|36398434.0|education|0.009|Wells Fargo
1670615282779|1612947106683|10995116279444|4913427193461213418|32771664.0|32771664.0|investing|0.075|OneMain Financial
1670615789714|1631635299950|17592186045569|4913427193461212715|19494689.0|19494689.0|weddings|0.042|BlueVine
1670615868405|1600350717100|6597069771918|4913427193461218215|20788491.0|20788491.0|business ventures|0.057|PNC Bank
1670628945839|1588038635721|2199023258625|4913708668437925934|2270241.0|2270241.0|education|0.094|Fundbox
1670633201537|1604965626216|8796093028757|4913708668437930613|59940309.0|59940309.0|other|0.012|Avant
1670633562219|1593689369391|4398046518312|4913708668437931488|97225389.0|97225389.0|business ventures|0.065|RealtyMogul
1670637236868|1622987331988|13194139540566|4913708668437931543|37574186.0|37574186.0|other|0.097|Rocket Loans
1670655541120|1596817273208|4398046511952|4913708668437922931|81453080.0|81453080.0|debt consolidation|0.051|US Bank
1670656270012|1633646425712|17592186045802|4913708668437923680|28516427.0|28516427.0|renovations|0.067|Fundbox
1670668451985|1615587021757|10995116281006|4913708668437926166|17085860.0|17085860.0|other|0.059|Chase Bank
1670682647908|1637761872149|19791209302813|4913708668437925649|25325608.0|25325608.0|other|0.004|Discover
1670691608449|1625740181827|15393162790270|4913708668437923711|72325239.0|72325239.0|business ventures|0.03|BlueVine
1670695248520|1637121385998|19791209301361|4913708668437923688|47046343.0|47046343.0|funerals|0.001|Bank of America
1670700164498|1617239185797|13194139536285|4913708668437925811|60117305.0|60117305.0|investing|0.032|Marcus by Goldman Sachs
1670706608927|1630177462759|17592186049290|4913708668437928305|58851254.0|58851254.0|education|0.02|Best Egg
1670718457777|1609218539221|8796093028433|4913990143414640835|82825031.0|82825031.0|debt consolidation|0.068|Citibank
1670723797665|1613078488879|10995116284275|4913990143414641218|54296632.0|54296632.0|major purchases|0.091|Earnest
1670724361546|1622102990496|13194139540729|4913990143414642419|55468342.0|55468342.0|debt consolidation|0.029|Patch of Land
1670727645646|1602307213433|6597069772045|4913990143414639680|93051269.0|93051269.0|business ventures|0.011|State Farm Bank
1670730332585|1597687541389|6597069766857|4913990143414632737|44973290.0|44973290.0|other|0.092|US Bank
1670732651159|1622015235473|13194139540062|4913990143414641539|27092177.0|27092177.0|funerals|0.069|RealtyMogul
1670734222957|1632945640037|17592186050484|4913990143414640630|75945188.0|75945188.0|investing|0.042|Best Egg
1670737005779|1599763612568|6597069770407|4913990143414637483|34074162.0|34074162.0|major purchases|0.023|Marcus by Goldman Sachs
1670744556666|1585431199475|2199023260223|4913990143414638704|3525594.0|3525594.0|investing|0.056|SoFi
1670749798932|1603430155931|6597069769514|4913990143414636317|75911258.0|75911258.0|vacations|0.081|LendingPoint
1670754301144|1611345694758|10995116278157|4913990143414632976|76462350.0|76462350.0|education|0.035|SunTrust
1670768187272|1626399377902|15393162795071|4913990143414640804|63857194.0|63857194.0|vacations|0.05|Fundbox
1670776691800|1586801479501|2199023261428|4913990143414640368|32110448.0|32110448.0|business ventures|0.093|Citibank
1670781116031|1628198959349|15393162792746|4913990143414637664|20291198.0|20291198.0|funerals|0.052|Capital One
1670790547018|1588818723668|2199023262525|4913990143414641842|36702529.0|36702529.0|vacations|0.058|Roofstock
1670799585442|1620197507791|13194139539721|4913990143414641069|4886314.0|4886314.0|debt consolidation|0.017|Marcus by Goldman Sachs
1670808729084|1639414378413|19791209303730|4914271618391348155|86887126.0|86887126.0|education|0.064|LendingPoint
1670809220035|1615330166673|10995116279364|4914271618391345281|24617572.0|24617572.0|business ventures|0.037|Prosper
1670809707569|1633775611504|17592186047538|4914271618391347327|82478008.0|82478008.0|other|0.005|Earnest
1670818416829|1638534944210|19791209300120|4914271618391343331|25982806.0|25982806.0|other|0.013|Avant
1670821245032|1581977418847|3098|4914271618391347283|96014677.0|96014677.0|renovations|0.075|Avant
1670827003099|1637934799404|19791209305138|4914271618391350045|88042327.0|88042327.0|major purchases|0.077|American Express
1670834252189|1640084759701|19791209302606|4914271618391346686|91522484.0|91522484.0|education|0.008|BlueVine
1670835343616|1598112344483|6597069772065|4914271618391350362|14723803.0|14723803.0|other|0.072|BlueVine
1670851662698|1617682304978|13194139537477|4914271618391348693|4385778.0|4385778.0|debt consolidation|0.087|State Farm Bank
1670858257939|1624208402290|15393162792245|4914271618391347651|78681268.0|78681268.0|renovations|0.031|Kabbage
1670858314761|1605733008915|8796093029619|4914271618391353071|33025467.0|33025467.0|funerals|0.056|Citibank
1670863338870|1634056258793|17592186046836|4914271618391346373|12926339.0|12926339.0|weddings|0.022|US Bank
1670864683511|1592763618280|4398046517532|4914271618391351758|25127540.0|25127540.0|vacations|0.081|Prosper
1670868159314|1632143383194|17592186044802|4914271618391343619|25771155.0|25771155.0|investing|0.096|SunTrust
1670873158779|1631917204819|17592186049213|4914271618391349506|69318943.0|69318943.0|renovations|0.002|PNC Bank
1670874754474|1627898027746|15393162789963|4914271618391344603|57117079.0|57117079.0|business ventures|0.097|Chase Bank
1670875744586|1597258669017|4398046514170|4914271618391347239|4003750.0|4003750.0|funerals|0.08|Discover
1670878982710|1611281079958|10995116282953|4914271618391350071|69774538.0|69774538.0|funerals|0.012|SoFi
1670880110638|1598791435815|6597069772103|4914271618391350428|68506011.0|68506011.0|vacations|0.065|Patch of Land
1670882484266|1590536167459|2199023259867|4914271618391348857|31508157.0|31508157.0|business ventures|0.078|Fundbox
1670883553934|1630950164778|17592186046887|4914271618391346442|22957869.0|22957869.0|other|0.011|RealtyMogul
1670885368994|1592240654124|4398046512749|4914271618391345334|53699018.0|53699018.0|other|0.026|Roofstock
1670899958680|1615075899063|10995116279184|4914553093368055697|95495570.0|95495570.0|other|0.005|Upstart
1670905801623|1626058591446|15393162789791|4914553093368055006|9730527.0|9730527.0|debt consolidation|0.052|Funding Circle
1670908925987|1608861876455|8796093024830|4914553093368057318|83611651.0|83611651.0|weddings|0.074|Roofstock
1670910241479|1584838920154|2199023259698|4914553093368059323|82489166.0|82489166.0|vacations|0.036|Kabbage
1670912442250|1626389554949|15393162792891|4914553093368059194|375226.0|375226.0|renovations|0.032|Funding Circle
1670918811251|1601432283909|6597069769996|4914553093368058261|21837590.0|21837590.0|investing|0.009|Upgrade
1670921736706|1635201460608|17592186049295|4914553093368060284|72134359.0|72134359.0|renovations|0.081|BlueVine
1670936289150|1638142829497|19791209303160|4914553093368058079|36659158.0|36659158.0|renovations|0.049|Upgrade
1670937137952|1587060444690|2199023256784|4914553093368055430|35194790.0|35194790.0|other|0.015|Roofstock
1670958302610|1599570159794|6597069768160|4914553093368055799|97224846.0|97224846.0|weddings|0.041|Citibank
1670958503134|1630682619971|17592186048219|4914553093368058887|11700101.0|11700101.0|major purchases|0.076|Fundbox
1670964870029|1581765812610|1146|4914553093368055329|21914608.0|21914608.0|weddings|0.096|Fundbox
1670969724065|1632565393467|17592186049644|4914553093368060790|44588978.0|44588978.0|debt consolidation|0.076|State Farm Bank
1670976484045|1602468144891|6597069772433|4914834568344772200|21836579.0|21836579.0|vacations|0.054|Wells Fargo
1670995504688|1624853479264|15393162791045|4914834568344767342|2233578.0|2233578.0|investing|0.097|State Farm Bank
1671006834269|1618296400333|13194139536435|4914834568344768641|22411788.0|22411788.0|medical expenses|0.062|Roofstock
1671007568774|1584773145987|2199023257353|4914834568344766843|96162558.0|96162558.0|funerals|0.037|Fundrise
1671012240009|1638693386879|19791209304993|4914834568344771158|51087333.0|51087333.0|education|0.048|Best Egg
1671012789656|1632718844710|17592186046971|4914834568344767880|12831440.0|12831440.0|major purchases|0.018|LendingPoint
1671014943147|1592688983860|4398046512186|4914834568344765883|69395323.0|69395323.0|investing|0.006|BlueVine
1671021000385|1601136928791|6597069772686|4914834568344772532|29035470.0|29035470.0|medical expenses|0.037|Fundrise
1671030292628|1613564602056|10995116282386|4914834568344770610|15916789.0|15916789.0|business ventures|0.077|SoFi
1671049232406|1610057777185|8796093023431|4914834568344766073|20972643.0|20972643.0|vacations|0.021|Navy Federal Credit Union
1671052469687|1639721719205|19791209305848|4914834568344772344|35065751.0|35065751.0|medical expenses|0.011|Upgrade
1671056882306|1640199052871|19791209304106|4914834568344769968|719871.0|719871.0|medical expenses|0.09|Fundrise
1671057653170|1611782480559|10995116284678|4914834568344773736|75627686.0|75627686.0|education|0.091|SoFi
1671060345392|1588130389758|2199023263330|4914834568344774908|81001938.0|81001938.0|medical expenses|0.038|Capital One
1671088381656|1590491797725|2199023261968|4915116043321483710|47543500.0|47543500.0|debt consolidation|0.071|Discover
1671091342074|1614974791466|10995116281032|4915116043321479487|52984726.0|52984726.0|weddings|0.049|SoFi
1671098035357|1631843438119|17592186051288|4915116043321484342|30422627.0|30422627.0|weddings|0.004|Marcus by Goldman Sachs
1671102341016|1639304401886|19791209307551|4915116043321485293|43070078.0|43070078.0|investing|0.006|Funding Circle
1671116931774|1627249477202|15393162789256|4915116043321475595|73187883.0|73187883.0|investing|0.09|Upgrade
1671119268879|1593220913682|4398046517772|4915116043321484045|49564915.0|49564915.0|weddings|0.008|Earnest
1671128261128|1594862102903|4398046515062|4915116043321480417|4533832.0|4533832.0|medical expenses|0.096|Earnest
1671134737585|1614364969485|10995116282338|4915116043321481198|98497672.0|98497672.0|debt consolidation|0.041|OnDeck
1671135977053|1594830633737|4398046517428|4915116043321483592|87848959.0|87848959.0|funerals|0.097|Patch of Land
1671142870703|1580479712740|499|4915116043321475741|22793232.0|22793232.0|medical expenses|0.025|Capital One
1671145226758|1619599689624|13194139538245|4915116043321481682|54111985.0|54111985.0|investing|0.064|Marcus by Goldman Sachs
1671148891538|1605779235416|8796093025253|4915397518298189842|33464907.0|33464907.0|renovations|0.098|State Farm Bank
1671152236018|1626335392465|15393162795246|4915397518298194302|79951940.0|79951940.0|business ventures|0.001|Fundbox
1671160577848|1611942775064|10995116284879|4915397518298195289|25092073.0|25092073.0|other|0.043|State Farm Bank
1671165580581|1617947689643|13194139537553|4915397518298191385|57989236.0|57989236.0|other|0.05|State Farm Bank
1671167137252|1629275147170|15393162792038|4915397518298190012|36791917.0|36791917.0|vacations|0.049|Capital One
1671168266817|1628120910192|15393162791675|4915397518298189538|55514093.0|55514093.0|debt consolidation|0.078|Marcus by Goldman Sachs
1671170953440|1626048670917|15393162791938|4915397518298189873|2305111.0|2305111.0|funerals|0.05|Peerform
1671174037949|1625159201271|15393162789197|4915397518298186172|88432571.0|88432571.0|medical expenses|0.073|RealtyMogul
1671185227140|1633750396625|17592186048521|4915397518298191240|34964548.0|34964548.0|business ventures|0.076|American Express
1671188907495|1615243180788|10995116282784|4915397518298192468|99551327.0|99551327.0|funerals|0.028|Earnest
1671194054338|1631509953609|17592186045675|4915397518298187429|85221266.0|85221266.0|medical expenses|0.067|PNC Bank
1671219225582|1608712779002|8796093022365|4915397518298185962|16112125.0|16112125.0|medical expenses|0.035|SoFi
1671219900867|1637807687588|19791209300249|4915397518298186124|71979386.0|71979386.0|renovations|0.084|BlueVine
1671220390284|1632857932261|17592186047494|4915397518298189884|57225573.0|57225573.0|vacations|0.057|LendingPoint
1671223826624|1625022919707|15393162795903|4915397518298195190|30871281.0|30871281.0|vacations|0.051|Peerform
1671227158192|1640207402821|19791209302121|4915397518298188611|19036770.0|19036770.0|vacations|0.091|Chase Bank
1671230146765|1614010189555|10995116284686|4915397518298195055|30120512.0|30120512.0|vacations|0.094|Capital One
1671231314155|1588574088699|2199023260968|4915397518298193007|10108180.0|10108180.0|education|0.095|Marcus by Goldman Sachs
1671234734607|1594653606497|4398046517807|4915678993274905407|54627193.0|54627193.0|major purchases|0.044|US Bank
1671237521085|1618987313376|13194139534845|4915678993274898456|85355555.0|85355555.0|renovations|0.039|Upstart
1671244301614|1633178016665|17592186050342|4915678993274904372|10955019.0|10955019.0|vacations|0.005|Kabbage
1671245594874|1633431429372|17592186048548|4915678993274901928|30351235.0|30351235.0|medical expenses|0.08|Fundbox
1671246984545|1580581052690|6316|4915678993274904897|49383617.0|49383617.0|other|0.091|Wells Fargo
1671246988655|1603773473384|6597069772137|4915678993274903752|17056413.0|17056413.0|other|0.005|OnDeck
1671264394295|1595980226091|4398046517771|4915678993274905354|59921091.0|59921091.0|business ventures|0.051|Fundrise
1671275714715|1580425082393|4698|4915678993274902671|96272971.0|96272971.0|business ventures|0.043|Prosper
1671279174168|1630898642044|17592186046755|4915678993274899541|2028241.0|2028241.0|other|0.042|RealtyMogul
1671279292309|1620324075050|13194139538053|4915678993274902735|24697558.0|24697558.0|investing|0.077|Funding Circle
1671287516233|1637060255921|19791209305264|4915678993274903506|18917062.0|18917062.0|weddings|0.003|Best Egg
1671289177271|1624709736948|15393162791353|4915678993274899750|30384613.0|30384613.0|major purchases|0.022|OnDeck
1671291664167|1618716125909|13194139534791|4915678993274898399|88819492.0|88819492.0|funerals|0.091|Chase Bank
1671298225753|1636070326518|17592186045813|4915678993274898290|67302739.0|67302739.0|renovations|0.059|BlueVine
1671300620465|1636009981224|17592186051973|4915678993274906554|33623719.0|33623719.0|funerals|0.006|Chase Bank
1671305635568|1605413978897|8796093022328|4915678993274896560|32395462.0|32395462.0|weddings|0.076|LendingPoint
1671311350680|1586859205525|2199023257055|4915678993274898420|53538405.0|53538405.0|funerals|0.068|State Farm Bank
1671315748564|1614892318869|10995116284502|4915678993274905466|86705869.0|86705869.0|investing|0.028|Roofstock
1671327371400|1630476856372|17592186049557|4915960468251613941|23821474.0|23821474.0|renovations|0.037|Roofstock
1671338753586|1608263519497|8796093030202|4915960468251617832|94763409.0|94763409.0|business ventures|0.062|Patch of Land
1671341282682|1628209261060|15393162795953|4915960468251616569|86713725.0|86713725.0|renovations|0.069|Wells Fargo
1671343201657|1635354181424|17592186047069|4915960468251610637|10707753.0|10707753.0|major purchases|0.045|SoFi
1671343568373|1595338859510|4398046516918|4915960468251614879|56501570.0|56501570.0|vacations|0.0|SoFi
1671344080854|1606704625493|8796093023360|4915960468251608617|40963026.0|40963026.0|debt consolidation|0.077|Patch of Land
1671345853068|1626898202043|15393162793157|4915960468251612763|78671537.0|78671537.0|medical expenses|0.019|American Express
1671348262378|1612200069632|10995116281871|4915960468251612558|36121067.0|36121067.0|other|0.086|Kabbage
1671351422689|1619856900413|13194139536629|4915960468251611518|1700192.0|1700192.0|weddings|0.01|American Express
1671351561643|1637465831430|19791209306305|4915960468251615570|64713685.0|64713685.0|vacations|0.056|LendingPoint
1671355502951|1638622005530|19791209301334|4915960468251608899|97317359.0|97317359.0|weddings|0.07|OneMain Financial
1671359950194|1596564305659|4398046512861|4915960468251609411|42196545.0|42196545.0|debt consolidation|0.063|State Farm Bank
1671360206901|1590573834658|2199023256690|4915960468251608595|66899750.0|66899750.0|weddings|0.0|Funding Circle
1671367047016|1616351873989|10995116283121|4915960468251614241|44693508.0|44693508.0|education|0.067|LendingClub
1671372453676|1632881109210|17592186047372|4915960468251611027|77811026.0|77811026.0|education|0.013|OnDeck
1671373143734|1589135333966|2199023259564|4915960468251612453|2280886.0|2280886.0|business ventures|0.098|Patch of Land
1671373437128|1585174687582|2199023257961|4915960468251610291|6406594.0|6406594.0|weddings|0.007|Patch of Land
1671379519084|1611121638506|10995116279199|4915960468251608993|39281445.0|39281445.0|renovations|0.042|OnDeck
1671389914710|1608098201394|8796093022266|4915960468251607135|27136877.0|27136877.0|major purchases|0.026|RealtyMogul
1671397789131|1588081942942|2199023263473|4915960468251617738|19798441.0|19798441.0|investing|0.019|TD Bank
1671406588858|1626389554949|15393162792891|4915960468251612473|66430381.0|66430381.0|medical expenses|0.002|TD Bank
1671410315875|1617233014666|13194139539204|4916241943228325639|46131892.0|46131892.0|debt consolidation|0.007|Marcus by Goldman Sachs
1671412221952|1579994746137|5061|4916241943228324472|81532831.0|81532831.0|weddings|0.008|Earnest
1671419876027|1607162526378|8796093027637|4916241943228324994|97371614.0|97371614.0|debt consolidation|0.02|Wells Fargo
1671420077859|1589836766807|2199023257194|4916241943228319920|90064478.0|90064478.0|business ventures|0.089|Capital One
1671437209629|1626405684471|15393162793158|4916241943228323421|87369166.0|87369166.0|renovations|0.042|OnDeck
1671440250415|1636483388560|17592186049535|4916241943228324562|81484626.0|81484626.0|debt consolidation|0.021|Best Egg
1671442303891|1579871477882|7927|4916241943228328406|77532376.0|77532376.0|weddings|0.026|Upstart
1671446044988|1622887665916|13194139537569|4916241943228323376|21192730.0|21192730.0|major purchases|0.011|Capital One
1671453436985|1604543803016|8796093028125|4916241943228325672|6168389.0|6168389.0|debt consolidation|0.062|Marcus by Goldman Sachs
1671454031689|1588605595745|2199023256636|4916241943228319168|35257878.0|35257878.0|other|0.028|LendingPoint
1671455320688|1622699080858|13194139536686|4916241943228322236|32002838.0|32002838.0|renovations|0.075|BlueVine
1671456555649|1625654694719|15393162793646|4916241943228324088|36128171.0|36128171.0|medical expenses|0.079|OnDeck
1671456576963|1610293640758|8796093024258|4916241943228320454|90951231.0|90951231.0|debt consolidation|0.032|Best Egg
1671456934238|1632477906604|17592186049339|4916241943228324292|12465663.0|12465663.0|medical expenses|0.086|Citibank
1671458438352|1629479346784|15393162789832|4916241943228318998|75109399.0|75109399.0|renovations|0.098|Citibank
1671459141780|1613648271376|10995116285448|4916241943228328072|69470335.0|69470335.0|business ventures|0.027|Funding Circle
1671461361951|1625047109385|15393162795329|4916241943228326392|58051873.0|58051873.0|business ventures|0.084|OnDeck
1671474191049|1613388260026|10995116278358|4916241943228318514|12233993.0|12233993.0|other|0.092|LightStream
1671475223932|1624969506365|15393162790388|4916241943228319754|24179485.0|24179485.0|debt consolidation|0.004|Funding Circle
1671476042754|1627489799412|15393162794071|4916241943228324692|10025887.0|10025887.0|renovations|0.03|Wells Fargo
1671485874328|1627665212758|15393162794392|4916241943228325137|88964000.0|88964000.0|debt consolidation|0.062|Capital One
1671487922504|1633419082846|17592186052225|4916241943228328226|74930279.0|74930279.0|business ventures|0.008|Fundbox
1671495795553|1624331565430|15393162791993|4916523418205032586|91073385.0|91073385.0|vacations|0.059|Prosper
1671498454727|1636329498662|17592186051734|4916523418205038206|15120483.0|15120483.0|renovations|0.011|Navy Federal Credit Union
1671500168238|1621449267037|13194139537959|4916523418205034579|19551442.0|19551442.0|debt consolidation|0.038|Funding Circle
1671500377147|1611117746158|10995116283668|4916523418205036319|43680804.0|43680804.0|renovations|0.03|Upstart
1671506215187|1620081701296|13194139538863|4916523418205035827|50244745.0|50244745.0|business ventures|0.083|Best Egg
1671508341453|1598240718741|6597069774048|4916523418205038291|18019800.0|18019800.0|weddings|0.078|State Farm Bank
1671508872480|1620369661361|13194139538152|4916523418205034820|29806916.0|29806916.0|other|0.016|PNC Bank
1671512153550|1628128112067|15393162791281|4916523418205031616|46984141.0|46984141.0|investing|0.088|Patch of Land
1671513431466|1630833323141|17592186045868|4916523418205030321|49762064.0|49762064.0|other|0.013|Earnest
1671526094501|1625022919707|15393162795903|4916523418205037813|39970690.0|39970690.0|investing|0.007|Fundbox
1671528972358|1637121385998|19791209301361|4916523418205030245|76802198.0|76802198.0|business ventures|0.015|Citibank
1671543558924|1632606291426|17592186047447|4916523418205032446|45091983.0|45091983.0|other|0.082|LendingClub
1671546999813|1632213911763|17592186046212|4916523418205030775|54618573.0|54618573.0|other|0.08|PNC Bank
1671549509280|1625694246471|15393162790040|4916523418205029966|56180636.0|56180636.0|weddings|0.099|SoFi
1671552168782|1588995043252|2199023258148|4916523418205031860|29349073.0|29349073.0|vacations|0.075|Best Egg
1671556714297|1612493633093|10995116278331|4916523418205029127|83453064.0|83453064.0|weddings|0.033|Peerform
1671560811964|1634915181461|17592186045932|4916523418205030402|63690740.0|63690740.0|investing|0.061|PNC Bank
1671561421735|1617220061121|13194139539423|4916523418205036585|8655129.0|8655129.0|weddings|0.011|Peerform
1671564875989|1639493288792|19791209302271|4916523418205031460|73894374.0|73894374.0|medical expenses|0.089|LendingPoint
1671576296788|1625559433744|15393162794301|4916523418205035662|97064712.0|97064712.0|weddings|0.023|American Express
1671580545576|1637597911556|19791209301256|4916804893181740743|9335323.0|9335323.0|debt consolidation|0.054|LightStream
1671582736378|1640762430933|19791209307636|4916804893181749334|30418131.0|30418131.0|other|0.095|State Farm Bank
1671586821169|1578768187486|426|4916804893181739581|86006506.0|86006506.0|weddings|0.058|Discover
1671594007837|1621380757198|13194139536699|4916804893181743565|4241477.0|4241477.0|investing|0.022|Discover
1671599058914|1597253707026|4398046511589|4916804893181739652|22371238.0|22371238.0|renovations|0.077|Bank of America
1671607556883|1588710121552|2199023261723|4916804893181747326|87603339.0|87603339.0|major purchases|0.08|OnDeck
1671609047522|1585874865078|2199023259087|4916804893181743763|53342115.0|53342115.0|other|0.022|State Farm Bank
1671612690424|1638233229021|19791209304890|4916804893181745603|48583935.0|48583935.0|debt consolidation|0.032|Upstart
1671614846328|1589524285282|2199023259134|4916804893181743824|43260757.0|43260757.0|debt consolidation|0.069|Navy Federal Credit Union
1671615095798|1640824126189|19791209305459|4916804893181746393|79948611.0|79948611.0|education|0.037|American Express
1671619110309|1624572662648|15393162796059|4916804893181748685|17779366.0|17779366.0|business ventures|0.036|Roofstock
1671623453765|1590150034593|2199023263391|4916804893181749579|57370821.0|57370821.0|medical expenses|0.02|Prosper
1671623586914|1621153368390|13194139536916|4916804893181743841|51815171.0|51815171.0|other|0.087|Fundrise
1671626853449|1640224936408|19791209303922|4916804893181744344|54687173.0|54687173.0|medical expenses|0.093|RealtyMogul
1671629623212|1630588365526|17592186046791|4916804893181742213|53940317.0|53940317.0|major purchases|0.049|Fundrise
1671629625820|1635717546768|17592186045228|4916804893181740096|12744262.0|12744262.0|vacations|0.038|RealtyMogul
1671632226539|1584040048749|5781|4916804893181746799|76117757.0|76117757.0|other|0.085|SunTrust
1671633031438|1582368442186|7155|4916804893181748620|88328157.0|88328157.0|funerals|0.093|US Bank
1671636212431|1590342740504|2199023260771|4916804893181746029|35752946.0|35752946.0|funerals|0.062|Roofstock
1671662388096|1639989138159|19791209306109|4916804893181747280|28140868.0|28140868.0|business ventures|0.012|Wells Fargo
1671673911433|1599648483303|6597069768381|4917086368158451998|4430106.0|4430106.0|vacations|0.088|Upstart
1671675358373|1622615644471|13194139537840|4917086368158455690|21787748.0|21787748.0|vacations|0.016|Patch of Land
1671676549756|1631126885802|17592186052219|4917086368158460183|92712107.0|92712107.0|vacations|0.091|OnDeck
1671682457907|1621250829686|13194139534442|4917086368158451208|10808265.0|10808265.0|weddings|0.034|Discover
1671683082870|1609243391734|8796093023616|4917086368158451586|49350615.0|49350615.0|debt consolidation|0.005|Upstart
1671692350424|1596334151600|4398046511984|4917086368158450840|85293448.0|85293448.0|major purchases|0.087|Wells Fargo
1671699971421|1606522148982|8796093022592|4917086368158450175|60414792.0|60414792.0|renovations|0.034|LendingClub
1671703003212|1636940281215|19791209304880|4917086368158456242|63894360.0|63894360.0|funerals|0.062|OnDeck
1671704265290|1579847136543|7062|4917086368158459156|42437064.0|42437064.0|business ventures|0.034|Roofstock
1671704680377|1637783598598|19791209300529|4917086368158450429|85918250.0|85918250.0|education|0.02|LightStream
1671711040699|1596069471989|4398046517925|4917086368158458865|10960054.0|10960054.0|medical expenses|0.071|Fundrise
1671714519209|1627695087275|15393162796721|4917086368158460265|51079379.0|51079379.0|medical expenses|0.037|SoFi
1671717794311|1594658045141|4398046512598|4917086368158451693|24001548.0|24001548.0|vacations|0.019|Marcus by Goldman Sachs
1671728387707|1608670883415|8796093027016|4917086368158456080|655692.0|655692.0|major purchases|0.049|US Bank
1671729083711|1621559327101|13194139536233|4917086368158453598|71271558.0|71271558.0|funerals|0.0|Discover
1671730340179|1602620294867|6597069773066|4917086368158458291|15319827.0|15319827.0|other|0.091|LendingClub
1671732633203|1618195842444|13194139534843|4917086368158451730|2099038.0|2099038.0|major purchases|0.028|RealtyMogul
1671736271744|1634255877821|17592186049280|4917086368158456162|62192930.0|62192930.0|medical expenses|0.051|PNC Bank
1671738417832|1637770942320|19791209300784|4917086368158450756|72625824.0|72625824.0|other|0.019|Prosper
1671739863258|1583215774229|5920|4917086368158457644|86842531.0|86842531.0|business ventures|0.005|Wells Fargo
1671740455683|1633763013236|17592186048752|4917086368158455437|84449897.0|84449897.0|business ventures|0.037|OnDeck
1671744249024|1629045126237|15393162792167|4917086368158454124|33708814.0|33708814.0|renovations|0.037|LendingPoint
1671746211220|1622889464602|13194139535155|4917086368158452145|43430126.0|43430126.0|investing|0.016|Marcus by Goldman Sachs
1671758761158|1619496039526|13194139541215|4917367843135170992|29129713.0|29129713.0|investing|0.046|RealtyMogul
1671766018738|1639122334318|19791209300926|4917367843135161606|67476178.0|67476178.0|renovations|0.073|Patch of Land
1671767281840|1629953463398|15393162790622|4917367843135162695|43204759.0|43204759.0|other|0.011|LendingPoint
1671773308909|1618711067798|13194139535164|4917367843135162817|66651209.0|66651209.0|debt consolidation|0.046|OneMain Financial
1671775478213|1640876058305|19791209306019|4917367843135168472|24059242.0|24059242.0|other|0.008|PNC Bank
1671776250161|1620416090166|13194139533507|4917367843135160604|79816119.0|79816119.0|other|0.085|Marcus by Goldman Sachs
1671785237067|1634293878724|17592186045254|4917367843135161442|12087166.0|12087166.0|vacations|0.094|Best Egg
1671785456832|1631775569732|17592186046119|4917367843135162627|31013631.0|31013631.0|renovations|0.02|LendingClub
1671790204039|1622593075079|13194139533688|4917367843135160823|7246895.0|7246895.0|education|0.053|Discover
1671797606021|1633350289121|17592186046422|4917367843135163025|60464061.0|60464061.0|education|0.082|TD Bank
1671798054587|1624183679341|15393162796062|4917367843135170005|83873351.0|83873351.0|business ventures|0.095|Marcus by Goldman Sachs
1671805371191|1590380428457|2199023263091|4917367843135170464|98653943.0|98653943.0|debt consolidation|0.089|SunTrust
1671812689844|1577943110781|3574|4917367843135165117|84667917.0|84667917.0|other|0.083|Marcus by Goldman Sachs
1671814887846|1621334371568|13194139539467|4917367843135168612|80234465.0|80234465.0|business ventures|0.068|Best Egg
1671815358573|1634673219263|17592186044459|4917367843135160387|24319243.0|24319243.0|other|0.036|American Express
1671820701332|1620276673220|13194139536061|4917367843135164047|44381163.0|44381163.0|renovations|0.085|BlueVine
1671827358681|1638551166917|19791209300959|4917367843135161661|20515312.0|20515312.0|education|0.036|Upstart
1671828165441|1607680453598|8796093029065|4917367843135169575|71035885.0|71035885.0|education|0.088|RealtyMogul
1671842197384|1620068074657|13194139533822|4917649318111871667|22760515.0|22760515.0|business ventures|0.049|Upgrade
1671842981185|1586597650562|2199023263226|4917649318111881317|15462461.0|15462461.0|vacations|0.051|Navy Federal Credit Union
1671845421001|1637073095974|19791209307877|4917649318111881658|24186501.0|24186501.0|debt consolidation|0.078|Navy Federal Credit Union
1671847773607|1605779235416|8796093025253|4917649318111875088|18443811.0|18443811.0|funerals|0.021|Marcus by Goldman Sachs
1671858618849|1586943500440|2199023255722|4917649318111871228|40616732.0|40616732.0|investing|0.025|LightStream
1671866553296|1634094470443|17592186044825|4917649318111871526|70001387.0|70001387.0|weddings|0.034|Citibank
1671872018757|1601721963606|6597069771949|4917649318111878095|44850213.0|44850213.0|debt consolidation|0.045|LendingClub
1671875918279|1639324147624|19791209300687|4917649318111871935|57173325.0|57173325.0|business ventures|0.079|OneMain Financial
1671879717024|1640614295084|19791209304839|4917649318111877482|5949742.0|5949742.0|business ventures|0.056|Rocket Loans
1671881679689|1596355996650|4398046511648|4917649318111871706|42229727.0|42229727.0|debt consolidation|0.045|Kabbage
1671889672377|1600690660430|6597069767797|4917649318111872539|92818690.0|92818690.0|medical expenses|0.017|Marcus by Goldman Sachs
1671891124812|1619912816025|13194139538334|4917649318111877711|48114793.0|48114793.0|business ventures|0.041|Navy Federal Credit Union
1671891655286|1580170362714|6574|4917649318111879826|92920867.0|92920867.0|medical expenses|0.047|LendingClub
1671902144576|1618019525237|13194139538611|4917649318111878102|7185034.0|7185034.0|funerals|0.087|Upgrade
1671903343611|1616986886491|10995116280881|4917649318111875193|92074343.0|92074343.0|business ventures|0.037|American Express
1671917132597|1633499726174|17592186051885|4917649318111881016|91117540.0|91117540.0|major purchases|0.029|OneMain Financial
1671928196021|1634481750651|17592186049978|4917930793088589127|53926977.0|53926977.0|vacations|0.056|SoFi
1671942987338|1630857096228|17592186051146|4917930793088590689|65478235.0|65478235.0|vacations|0.091|SunTrust
1671951476731|1625400434489|15393162789088|4917930793088581949|19330863.0|19330863.0|vacations|0.042|Upstart
1671953362998|1595417710701|4398046514148|4917930793088585742|28295003.0|28295003.0|weddings|0.044|Rocket Loans
1671954317481|1595807609295|4398046512411|4917930793088583394|47050639.0|47050639.0|investing|0.069|Best Egg
1671956156278|1598283120903|6597069769654|4917930793088585678|47679091.0|47679091.0|major purchases|0.068|Avant
1671957509737|1599162021622|6597069774418|4917930793088592113|64759716.0|64759716.0|vacations|0.023|US Bank
1671969339416|1602760965994|6597069772738|4917930793088589828|58784113.0|58784113.0|education|0.064|OnDeck
1671975883605|1595157600375|4398046515515|4917930793088587498|80537997.0|80537997.0|funerals|0.013|Funding Circle
1671977490093|1590585410564|2199023262244|4917930793088590632|8667062.0|8667062.0|major purchases|0.046|US Bank
1671993259827|1633152503437|17592186048901|4917930793088587598|7214213.0|7214213.0|debt consolidation|0.07|Earnest
1672000947226|1577940039944|985|4917930793088582958|94312054.0|94312054.0|other|0.096|Capital One
1672002847121|1596156550077|4398046512083|4917930793088582943|58677561.0|58677561.0|education|0.057|Peerform
1672006352195|1624055601402|15393162793252|4917930793088587464|16131684.0|16131684.0|debt consolidation|0.094|SoFi
1672008479754|1629802854235|15393162796379|4917930793088591741|32272740.0|32272740.0|renovations|0.009|LightStream
1672008867339|1598130604501|6597069767833|4917930793088583249|87005206.0|87005206.0|weddings|0.096|Fundrise
1672010065058|1593138719197|4398046518895|4917930793088592137|71695589.0|71695589.0|vacations|0.032|Funding Circle
1672017302255|1595497941519|4398046518524|4918212268065302266|72658864.0|72658864.0|funerals|0.024|OnDeck
1672021473066|1630098029317|15393162794051|4918212268065299241|36257513.0|36257513.0|business ventures|0.065|TD Bank
1672033164846|1602498393471|6597069766729|4918212268065292402|29034105.0|29034105.0|vacations|0.028|Upgrade
1672038569297|1600978345821|6597069768458|4918212268065294716|2115799.0|2115799.0|weddings|0.004|Upgrade
1672042504121|1614793184248|10995116283326|4918212268065299788|73054107.0|73054107.0|business ventures|0.016|Prosper
1672042695908|1629781376447|15393162791615|4918212268065296019|76811656.0|76811656.0|renovations|0.011|BlueVine
1672045520385|1621730920739|13194139540057|4918212268065301374|75095529.0|75095529.0|other|0.064|RealtyMogul
1672046547323|1601949686322|6597069773008|4918212268065300831|62073125.0|62073125.0|debt consolidation|0.003|RealtyMogul
1672050948167|1640438316356|19791209305382|4918212268065299559|86022495.0|86022495.0|weddings|0.021|Rocket Loans
1672050948886|1610834571050|10995116278486|4918212268065293254|37552542.0|37552542.0|medical expenses|0.021|Roofstock
1672061810205|1631711200510|17592186050153|4918212268065300022|99294317.0|99294317.0|debt consolidation|0.007|Fundrise
1672069237107|1625818257735|15393162790258|4918212268065294187|14557123.0|14557123.0|weddings|0.027|SunTrust
1672070492495|1631832434128|17592186050014|4918212268065299838|40408979.0|40408979.0|other|0.012|Navy Federal Credit Union
1672075533624|1616424986641|10995116284626|4918212268065301553|96164886.0|96164886.0|vacations|0.027|Citibank
1672092747235|1633365005197|17592186046550|4918212268065295144|46785942.0|46785942.0|vacations|0.017|LendingPoint
1672098578986|1596940004798|4398046518261|4918212268065301906|34345701.0|34345701.0|business ventures|0.04|Best Egg
1672110855865|1610197085951|8796093022821|4918493743042003779|20451126.0|20451126.0|renovations|0.096|State Farm Bank
1672119620778|1633230726783|17592186045751|4918493743042004760|70238084.0|70238084.0|weddings|0.072|Discover
1672123095263|1622820438747|13194139540812|4918493743042013024|88598501.0|88598501.0|investing|0.031|PNC Bank
1672125292506|1602459760669|6597069772327|4918493743042010601|92874975.0|92874975.0|investing|0.029|TD Bank
1672126461913|1621894439357|13194139537991|4918493743042009210|61303883.0|61303883.0|education|0.067|Peerform
1672133919797|1628111576919|15393162795891|4918493743042012396|5324117.0|5324117.0|business ventures|0.016|Roofstock
1672141959070|1597755885704|6597069772654|4918493743042011023|16421888.0|16421888.0|weddings|0.092|Fundrise
1672149101499|1578611042762|1649|4918493743042005181|39547762.0|39547762.0|renovations|0.014|LightStream
1672152434538|1580167182338|6290|4918493743042011416|1588560.0|1588560.0|vacations|0.045|OneMain Financial
1672168338469|1632057650070|17592186047131|4918493743042006615|73376225.0|73376225.0|renovations|0.06|Bank of America
1672168534257|1609682614872|8796093023146|4918493743042004205|50762066.0|50762066.0|business ventures|0.047|Best Egg
1672169495191|1623140002966|13194139535426|4918493743042005783|49491515.0|49491515.0|debt consolidation|0.004|Best Egg
1672172601690|1596446691887|4398046515256|4918493743042008522|4480738.0|4480738.0|other|0.001|OneMain Financial
1672175173539|1640219258781|19791209304446|4918493743042008891|36962966.0|36962966.0|education|0.052|OneMain Financial
1672178032868|1607601603173|8796093025641|4918493743042007551|14747091.0|14747091.0|debt consolidation|0.029|US Bank
1672178167387|1630038059972|15393162794797|4918493743042010941|1402642.0|1402642.0|debt consolidation|0.087|Capital One
1672183682169|1620481875175|13194139541193|4918493743042013585|15226901.0|15226901.0|education|0.051|Kabbage
1672196631213|1617088447852|13194139539592|4918775218018722054|42701639.0|42701639.0|weddings|0.024|Prosper
1672205723566|1629298429718|15393162791263|4918775218018716838|38054269.0|38054269.0|education|0.089|Peerform
1672212644966|1617523627980|13194139535216|4918775218018716168|89913430.0|89913430.0|education|0.057|Upstart
1672218125567|1612849112881|10995116278190|4918775218018714183|85897799.0|85897799.0|medical expenses|0.096|Capital One
1672219758231|1621850186396|13194139537769|4918775218018719528|15649387.0|15649387.0|weddings|0.055|Capital One
1672234784421|1637868734901|19791209304697|4918775218018719927|46942537.0|46942537.0|business ventures|0.089|Discover
1672248488673|1607415160122|8796093023592|4918775218018715483|23396312.0|23396312.0|weddings|0.052|SunTrust
1672251156073|1620732566162|13194139538232|4918775218018720192|8661466.0|8661466.0|weddings|0.057|OneMain Financial
1672259301793|1638265503073|19791209306262|4918775218018722080|21150556.0|21150556.0|vacations|0.07|Prosper
1672272487546|1603903119009|6597069767064|4919056692995424802|27097303.0|27097303.0|vacations|0.013|LendingPoint
1672275934738|1604965626216|8796093028757|4919056692995433076|50235789.0|50235789.0|funerals|0.026|Best Egg
1672278509413|1632608515932|17592186046876|4919056692995427571|97745134.0|97745134.0|renovations|0.024|Funding Circle
1672285291833|1634108126704|17592186045208|4919056692995425321|72847413.0|72847413.0|renovations|0.042|Best Egg
1672289878211|1639226213389|19791209300236|4919056692995424640|35826430.0|35826430.0|renovations|0.092|LendingPoint
1672299309763|1640583353156|19791209301703|4919056692995426602|21265548.0|21265548.0|debt consolidation|0.061|Kabbage
1672300606250|1611043303034|10995116278513|4919056692995425263|79386933.0|79386933.0|debt consolidation|0.002|Funding Circle
1672314372159|1639480369451|19791209302700|4919056692995427958|22524494.0|22524494.0|weddings|0.045|Prosper
1672323137026|1607491606370|8796093026306|4919056692995429758|48934270.0|48934270.0|renovations|0.019|US Bank
1672330650218|1588133741348|2199023256001|4919056692995424863|8886363.0|8886363.0|other|0.001|BlueVine
1672343727345|1598240718741|6597069774048|4919056692995434196|8151397.0|8151397.0|weddings|0.074|Peerform
1672347115245|1630138333725|17592186045706|4919056692995425996|27662347.0|27662347.0|medical expenses|0.074|Discover
1672348395851|1632757025000|17592186047722|4919056692995428723|10706776.0|10706776.0|investing|0.1|Navy Federal Credit Union
1672348543280|1587963821962|2199023258083|4919056692995427688|26053708.0|26053708.0|medical expenses|0.037|Roofstock
1672354727232|1615680240122|10995116285090|4919056692995434128|324848.0|324848.0|investing|0.004|PNC Bank
1672357571640|1628445686916|15393162794493|4919056692995431850|85444664.0|85444664.0|debt consolidation|0.037|SoFi
1672358499535|1622151121173|13194139540488|4919338167972144555|33622876.0|33622876.0|medical expenses|0.088|RealtyMogul
1672361323285|1606351558217|8796093023227|4919338167972136289|41934111.0|41934111.0|other|0.052|Peerform
1672365480371|1595906999553|4398046516759|4919338167972142549|24375647.0|24375647.0|investing|0.019|Funding Circle
1672367805947|1596093097576|4398046516154|4919338167972141676|71477888.0|71477888.0|vacations|0.095|Citibank
1672369622097|1611848797155|10995116278240|4919338167972135549|22639045.0|22639045.0|weddings|0.076|Prosper
1672370099595|1578398761007|6852|4919338167972144160|34800775.0|34800775.0|funerals|0.06|BlueVine
1672375886010|1583872218569|7068|4919338167972144413|14675432.0|14675432.0|debt consolidation|0.001|US Bank
1672382643715|1601447358139|6597069774169|4919338167972145018|97076710.0|97076710.0|major purchases|0.056|Avant
1672389697145|1592779289090|4398046517410|4919338167972143416|89680980.0|89680980.0|education|0.055|Fundbox
1672394817239|1627128521664|15393162796283|4919338167972144886|47049772.0|47049772.0|medical expenses|0.07|Kabbage
1672407709477|1618181882209|13194139539625|4919338167972143419|47664308.0|47664308.0|business ventures|0.063|RealtyMogul
1672408724807|1628272857259|15393162794279|4919338167972142187|49124763.0|49124763.0|vacations|0.028|Fundrise
1672412510488|1585492537668|2199023262786|4919338167972144641|11720874.0|11720874.0|debt consolidation|0.035|Kabbage
1672414843905|1634635513332|17592186046430|4919338167972137630|92817581.0|92817581.0|funerals|0.061|Avant
1672419150127|1609525233822|8796093022283|4919338167972135027|75602932.0|75602932.0|debt consolidation|0.075|Prosper
1672419263743|1621317747879|13194139541107|4919338167972145422|34663964.0|34663964.0|funerals|0.026|Upgrade
1672419329988|1620751748727|13194139538206|4919338167972141461|25692501.0|25692501.0|major purchases|0.061|TD Bank
1672423216236|1635595769110|17592186046886|4919338167972138249|473330.0|473330.0|medical expenses|0.02|Patch of Land
1672424364683|1582252322004|4593|4919338167972141060|27413839.0|27413839.0|major purchases|0.087|Upgrade
1672424670398|1630060010398|15393162796428|4919338167972145095|51039237.0|51039237.0|major purchases|0.027|Capital One
1672432339409|1628592152232|15393162794473|4919338167972142477|63297933.0|63297933.0|major purchases|0.037|Patch of Land
1672435415220|1623320019655|13194139534389|4919338167972136375|54681260.0|54681260.0|education|0.014|Bank of America
1672437566012|1639456795228|19791209305632|4919338167972142559|58216822.0|58216822.0|debt consolidation|0.047|Citibank
1672445006951|1601355261214|6597069770640|4919619642948850943|40255012.0|40255012.0|medical expenses|0.035|OnDeck
1672445982650|1632910234832|17592186045484|4919619642948847017|26832327.0|26832327.0|education|0.005|Peerform
1672448180728|1638413212860|19791209303694|4919619642948850568|45161928.0|45161928.0|medical expenses|0.093|Navy Federal Credit Union
1672460255376|1624052700113|15393162789893|4919619642948846957|16199728.0|16199728.0|business ventures|0.017|Peerform
1672464894609|1585174687582|2199023257961|4919619642948848820|21278934.0|21278934.0|business ventures|0.084|PNC Bank
1672484166728|1631062606842|17592186046783|4919619642948848762|58951588.0|58951588.0|weddings|0.083|Peerform
1672485794362|1631034634426|17592186044864|4919619642948846173|13635859.0|13635859.0|education|0.087|Marcus by Goldman Sachs
1672486073972|1606581650816|8796093028680|4919619642948854275|24212727.0|24212727.0|other|0.084|Peerform
1672492218528|1635297817691|17592186050164|4919619642948853320|61552037.0|61552037.0|investing|0.057|Peerform
1672494533279|1637526328499|19791209301043|4919619642948847026|52048224.0|52048224.0|other|0.028|Fundrise
1672494586261|1637858318105|19791209306782|4919619642948854759|85566055.0|85566055.0|medical expenses|0.096|Rocket Loans
1672499248471|1584625318525|2199023259229|4919619642948850488|97161061.0|97161061.0|medical expenses|0.099|Capital One
1672500726610|1595015331709|4398046516488|4919619642948852795|52046075.0|52046075.0|medical expenses|0.087|Citibank
1672501089253|1634135802573|17592186046603|4919619642948848498|76788687.0|76788687.0|other|0.018|Roofstock
1672502380793|1623270206628|13194139535421|4919619642948848400|91199075.0|91199075.0|business ventures|0.071|Capital One
1672509418057|1639542003838|19791209300893|4919619642948846810|81932326.0|81932326.0|investing|0.074|OneMain Financial
1672521303539|1618331307840|13194139540256|4919619642948854920|51942338.0|51942338.0|weddings|0.015|US Bank
1672522363877|1604379020657|8796093029838|4919619642948855851|89317610.0|89317610.0|medical expenses|0.003|Capital One
1672528350439|1594978091053|4398046511287|4919619642948845835|92575015.0|92575015.0|investing|0.077|TD Bank
