pid2|pid2|startTime|endTime
6597069850963|8796093023764|1640995200000|1643414400000
2199023282065|19791209377345|1643673600000|1646092800000
6597069847208|26388279101278|1643673600000|1646092800000
13194139607348|19791209305537|1627776000000|1632614400000
4398046523401|8796093116426|1656633600000|1659052800000
12700|13194139566968|1656633600000|1659052800000
24189255907703|24189255848319|1661990400000|1664409600000
4398046598634|13194139542252|1638316800000|1640736000000
21990232604875|6597069827419|1654041600000|1656460800000
15393162872922|19791209316828|1646092800000|1648512000000
8796093071884|17592186118041|1646092800000|1648512000000
17592186125679|24189255857208|1656633600000|1659052800000
24189255880805|4398046587222|1651363200000|1656201600000
13194139537076|2199023322327|1651363200000|1653782400000
2199023308993|6597069787759|1638316800000|1640736000000
4398046511749|10995116278719|1651363200000|1653782400000
13194139549494|21990232603769|1646092800000|1648512000000
8796093049699|21990232610712|1646092800000|1650931200000
8796093121008|8796093041597|1627776000000|1632614400000
21990232647318|21990232558562|1654041600000|1656460800000
19791209332662|10995116347035|1654041600000|1658880000000
19791209394893|2199023338906|1640995200000|1648252800000
10995116374664|15393162810962|1646092800000|1648512000000
21990232610820|21990232632344|1648771200000|1653609600000
13194139585405|13194139556386|1654041600000|1656460800000
26388279101278|17592186104366|1659312000000|1668988800000
6597069860770|24189255903346|1654041600000|1656460800000
21990232632344|13194139617520|1656633600000|1659052800000
13194139626829|13194139565061|1659312000000|1661731200000
19791209351566|4398046587222|1654041600000|1656460800000
21990232610712|28587302413445|1661990400000|1664409600000
21990232577319|8796093107863|1651363200000|1653782400000
21990232603769|26388279160440|1654041600000|1656460800000
4398046567415|2199023272226|1643673600000|1646092800000
13036|2199023331000|1651363200000|1653782400000
15393162818606|17592186116435|1654041600000|1656460800000
8796093094000|24189255907703|1659312000000|1661731200000
6597069810888|15393162810653|1651363200000|1653782400000
15393162824546|2199023300072|1627776000000|1632614400000
21990232581237|26388279089359|1654041600000|1656460800000
13194139591976|21990232596027|1646092800000|1648512000000
2079|10995116278719|1638316800000|1640736000000
26388279076732|15393162805561|1661990400000|1664409600000
29987|2199023331000|1630454400000|1632873600000
4398046529390|4398046578721|1648771200000|1651190400000
21990232604157|26388279106012|1651363200000|1653782400000
6597069774099|24189255863672|1646092800000|1648512000000
4398046525213|26388279124236|1656633600000|1659052800000
2199023272754|19791209316828|1651363200000|1653782400000
2199023340813|26388279158655|1646092800000|1648512000000
10995116365098|78582|1648771200000|1651190400000
2199023319330|13194139549945|1643673600000|1646092800000
2199023281469|19791209313287|1622505600000|1624924800000
6597069793363|37898|1646092800000|1648512000000
4398046549502|2199023270509|1633046400000|1635465600000
15393162862834|10995116295637|1654041600000|1656460800000
66361|24189255815979|1651363200000|1653782400000
8796093108616|19791209319437|1656633600000|1659052800000
10995116326325|4398046529390|1619827200000|1624665600000
6597069826376|2199023265902|1648771200000|1651190400000
8796093038395|17592186131851|1656633600000|1659052800000
13194139540029|10995116329431|1654041600000|1656460800000
15393162809556|10995116346262|1654041600000|1656460800000
8796093076431|15393162795711|1654041600000|1656460800000
19791209311814|2199023336794|1659312000000|1661731200000
13194139586951|4398046521220|1638316800000|1643155200000
8796093121736|15393162810627|1654041600000|1656460800000
68109|15393162850578|1638316800000|1645574400000
10995116373206|33876|1659312000000|1661731200000
13194139630776|24189255822165|1643673600000|1646092800000
24189255847218|10995116355924|1651363200000|1656201600000
24189255888054|2199023307867|1654041600000|1658880000000
21990232645871|15393162797874|1651363200000|1656201600000
21990232594363|15393162846938|1646092800000|1650931200000
24189255850290|24189255888054|1659312000000|1661731200000
21990232595379|6597069774099|1648771200000|1653609600000
13194139630619|8796093080858|1646092800000|1650931200000
10995116319828|17592186119048|1661990400000|1664409600000
21990232601476|15393162851613|1654041600000|1656460800000
15393162872514|21990232626199|1640995200000|1645833600000
2199023336794|4398046565158|1633046400000|1635465600000
4398046565158|4398046531336|1646092800000|1648512000000
19791209327025|10995116347035|1656633600000|1659052800000
13194139559563|13194139550719|1643673600000|1646092800000
13194139563460|78582|1656633600000|1659052800000
54057|2199023331000|1635724800000|1638144000000
21990232607602|76322|1651363200000|1653782400000
17592186139744|8796093067379|1659312000000|1661731200000
37085|15393162837940|1614556800000|1616976000000
2199023322327|13194139601956|1651363200000|1653782400000
4398046603562|28587302397397|1654041600000|1656460800000
2199023301001|4398046565681|1651363200000|1656201600000
17592186097117|21990232570259|1659312000000|1661731200000
17592186119963|6597069801138|1646092800000|1648512000000
26388279158655|8796093076209|1651363200000|1656201600000
8796093041597|15393162809825|1640995200000|1643414400000
8796093047291|13194139565061|1630454400000|1632873600000
17592186101602|21990232578609|1643673600000|1646092800000
4398046535568|21990232640770|1654041600000|1656460800000
13194139549945|21990232594363|1654041600000|1656460800000
15393162816424|2199023325066|1654041600000|1656460800000
26388279086874|8796093067379|1654041600000|1658880000000
2199023355045|4398046546045|1648771200000|1651190400000
13194139550719|24189255863895|1654041600000|1656460800000
19791209316828|13194139629701|1646092800000|1650931200000
13194139543169|13194139566968|1638316800000|1643155200000
59972|2199023332867|1640995200000|1643414400000
15393162862062|17592186114075|1656633600000|1659052800000
6597069832659|21990232592280|1656633600000|1659052800000
2199023295143|15393162883107|1633046400000|1635465600000
17592186118814|15393162853411|1648771200000|1651190400000
13194139551963|44056|1648771200000|1651190400000
4398046536180|8796093023450|1659312000000|1661731200000
24189255846679|19791209307540|1659312000000|1666569600000
19791209377345|15393162851294|1643673600000|1646092800000
24189255814314|17592186080570|1659312000000|1661731200000
6597069809977|21990232631246|1654041600000|1656460800000
6597069769229|4398046543230|1656633600000|1659052800000
15393162846310|13194139617787|1659312000000|1661731200000
2199023326685|8796093108616|1638316800000|1640736000000
8796093034940|13194139618727|1643673600000|1646092800000
24189255861139|26388279071438|1648771200000|1653609600000
6597069819885|21990232603769|1646092800000|1648512000000
17592186085517|10995116329696|1656633600000|1659052800000
43336|8796093027972|1651363200000|1653782400000
96745|13194139567466|1654041600000|1656460800000
10995116301362|15393162868377|1661990400000|1664409600000
10995116346262|68109|1638316800000|1640736000000
6597069781308|15393162823584|1646092800000|1648512000000
19791209396462|21990232634909|1661990400000|1664409600000
10995116360764|2199023303543|1651363200000|1653782400000
8796093054805|2199023291210|1654041600000|1656460800000
6597069795653|6597069799224|1656633600000|1659052800000
15393162857927|17592186066233|1646092800000|1648512000000
6597069807161|13194139589203|1638316800000|1640736000000
10995116326770|10995116287236|1635724800000|1638144000000
24189255852270|8796093075903|1656633600000|1661472000000
17592186062691|6687|1656633600000|1659052800000
8796093025858|10995116346819|1661990400000|1664409600000
17592186057949|8796093082498|1654041600000|1656460800000
15393162792938|13194139542252|1654041600000|1656460800000
4398046609524|10995116318177|1643673600000|1646092800000
13194139542252|10995116359719|1643673600000|1646092800000
4398046576424|13194139556386|1651363200000|1653782400000
19791209333034|6597069841490|1661990400000|1664409600000
10995116326811|24189255890595|1648771200000|1651190400000
10995116346819|2199023350843|1640995200000|1643414400000
6597069795219|24793|1651363200000|1653782400000
13194139545775|13194139542998|1661990400000|1664409600000
15393162882752|15393162850853|1643673600000|1646092800000
13194139618433|19791209350641|1654041600000|1656460800000
24189255823795|10995116355924|1648771200000|1656028800000
17592186066700|19791209307540|1646092800000|1648512000000
10995116286696|4398046609524|1643673600000|1646092800000
88748|13194139556531|1643673600000|1646092800000
4398046584052|26388279119404|1648771200000|1651190400000
17592186097504|17592186119963|1656633600000|1659052800000
6597069832209|24787|1640995200000|1643414400000
17592186082629|2199023272754|1648771200000|1651190400000
4398046578721|4398046536180|1651363200000|1653782400000
24189255814958|17592186097504|1661990400000|1664409600000
71131|24189255842479|1643673600000|1646092800000
8796093068796|26388279089359|1648771200000|1651190400000
26388279089359|13194139568820|1661990400000|1666828800000
26388279071863|19791209361551|1659312000000|1664150400000
2199023344352|10995116278719|1656633600000|1659052800000
28587302397397|17592186069885|1656633600000|1663891200000
2199023332867|13194139586951|1654041600000|1656460800000
21990232616918|8796093034375|1648771200000|1651190400000
26388279077316|15393162806196|1659312000000|1664150400000
4398046583787|17592186069885|1643673600000|1646092800000
8796093086149|13194139621029|1661990400000|1666828800000
19791209369574|13194139557336|1648771200000|1651190400000
10995116359279|17592186093181|1659312000000|1661731200000
13194139600996|10995116368557|1648771200000|1651190400000
4398046546045|17592186125679|1648771200000|1651190400000
18147|19791209361551|1648771200000|1653609600000
17592186067487|4398046576832|1656633600000|1659052800000
19791209395068|6597069769229|1656633600000|1661472000000
13194139548234|6597069811432|1648771200000|1651190400000
21990232589514|10995116329431|1651363200000|1653782400000
13194139590299|6597069810456|1659312000000|1661731200000
84425|15393162809825|1630454400000|1635292800000
21990232611476|17592186127239|1643673600000|1648512000000
21990232643735|24189255888200|1659312000000|1661731200000
8796093034851|15393162805561|1651363200000|1653782400000
2199023340994|19791209377345|1627776000000|1630195200000
13194139553728|15393162810627|1646092800000|1648512000000
6597069856796|4398046578748|1661990400000|1664409600000
85195|71131|1633046400000|1635465600000
21990232646253|76322|1656633600000|1659052800000
13194139574067|13194139607348|1661990400000|1664409600000
4398046535357|6597069838900|1659312000000|1661731200000
15393162820846|24189255819233|1648771200000|1651190400000
17592186126601|24189255890595|1646092800000|1648512000000
10995116318700|10995116334563|1646092800000|1648512000000
15393162797874|8796093078089|1661990400000|1664409600000
21990232585377|84425|1646092800000|1648512000000
15393162866617|15393162800263|1648771200000|1651190400000
4398046581637|6597069832659|1651363200000|1653782400000
24189255811368|92755|1648771200000|1653609600000
26388279150010|26388279108376|1659312000000|1664150400000
6597069855240|13194139561763|1643673600000|1648512000000
17592186104366|8796093023764|1659312000000|1661731200000
24189255904102|15393162800263|1656633600000|1659052800000
19791209320053|2199023325066|1651363200000|1653782400000
21990232560125|17592186104366|1656633600000|1659052800000
15393162799534|17592186097504|1656633600000|1659052800000
8796093029904|8796093113146|1646092800000|1648512000000
17592186116188|8796093078089|1651363200000|1653782400000
4398046533297|2199023344352|1646092800000|1648512000000
15393162809766|17592186129631|1643673600000|1646092800000
10995116302501|2199023317131|1654041600000|1656460800000
13194139631991|6597069848331|1656633600000|1659052800000
6597069801138|6597069850963|1640995200000|1643414400000
24189255833524|2199023347761|1661990400000|1664409600000
15393162823584|10995116300171|1638316800000|1640736000000
6597069799224|2199023307307|1646092800000|1648512000000
11326|21990232647318|1651363200000|1653782400000
10995116297721|19791209377345|1640995200000|1643414400000
26388279106012|2199023284261|1661990400000|1666828800000
6597069830708|19791209361873|1638316800000|1640736000000
8796093093225|19791209319437|1651363200000|1653782400000
21990232558562|17592186075309|1651363200000|1656201600000
19791209307540|8796093100272|1654041600000|1656460800000
8796093107863|6597069826376|1627776000000|1630195200000
8796093105041|8796093049935|1643673600000|1646092800000
19791209376993|21990232634909|1659312000000|1661731200000
24189255848319|2199023336794|1654041600000|1661299200000
24189255815730|17592186139744|1661990400000|1664409600000
17592186112825|13194139617982|1654041600000|1656460800000
81421|13194139600277|1648771200000|1651190400000
19791209304623|15393162822891|1661990400000|1664409600000
17592186119048|24189255847218|1648771200000|1651190400000
13194139618727|17592186089200|1661990400000|1664409600000
19791209355808|2199023296949|1654041600000|1656460800000
17592186125329|8796093102227|1661990400000|1664409600000
10995116291234|6597069781308|1630454400000|1632873600000
10995116347035|8796093054805|1659312000000|1661731200000
47785|2199023281153|1651363200000|1653782400000
10995116316259|19791209306585|1630454400000|1637712000000
10995116361606|4398046546094|1646092800000|1648512000000
4398046566336|26388279077316|1656633600000|1659052800000
15393162793055|8796093082498|1659312000000|1661731200000
65340|6597069773997|1661990400000|1664409600000
8796093100272|6597069783118|1633046400000|1635465600000
8796093049935|8796093071461|1659312000000|1661731200000
6597069784563|15393162823584|1661990400000|1664409600000
15393162846034|17592186129631|1654041600000|1656460800000
10995116314165|24787|1635724800000|1638144000000
13194139566968|2199023265902|1659312000000|1661731200000
13194139543756|10995116310125|1619827200000|1624665600000
10995116318177|19791209320053|1654041600000|1656460800000
26388279138985|10995116360364|1659312000000|1664150400000
15393162861408|2199023302222|1643673600000|1650931200000
36909|19791209350641|1635724800000|1638144000000
4398046535706|19791209393804|1640995200000|1643414400000
17592186093181|13194139617520|1654041600000|1656460800000
2199023279445|8796093113146|1643673600000|1646092800000
13194139612749|83356|1617235200000|1622073600000
33734|21990232565238|1659312000000|1661731200000
10995116349977|24189255848937|1648771200000|1651190400000
6597069791663|17592186085517|1648771200000|1651190400000
83719|26388279138985|1659312000000|1661731200000
10995116364748|17592186112825|1643673600000|1646092800000
10995116373545|13194139586951|1654041600000|1656460800000
6597069797873|19791209397851|1659312000000|1661731200000
13194139584703|19791209394893|1651363200000|1653782400000
8796093056334|13194139580349|1638316800000|1640736000000
24189255890595|71408|1659312000000|1661731200000
24189255815979|19791209355808|1656633600000|1659052800000
8796093082498|13194139580349|1627776000000|1630195200000
6597069825916|8796093107863|1651363200000|1653782400000
15393162809825|4398046598634|1646092800000|1648512000000
15393162868377|21990232645871|1648771200000|1651190400000
6597069840485|24189255894856|1648771200000|1651190400000
15393162883107|6597069800823|1659312000000|1661731200000
8796093047438|8796093038395|1656633600000|1659052800000
15393162791480|13194139618727|1661990400000|1664409600000
13194139613996|13194139630776|1659312000000|1661731200000
21990232589117|21990232603769|1640995200000|1645833600000
8796093116426|6597069842678|1656633600000|1659052800000
10995116331310|21990232645871|1651363200000|1653782400000
17592186135116|2199023343907|1635724800000|1638144000000
2199023331000|15393162793055|1661990400000|1664409600000
24189255862799|21990232579364|1659312000000|1664150400000
2199023265806|13194139600277|1622505600000|1624924800000
19791209335318|10995116297721|1648771200000|1651190400000
4398046553169|17592186129631|1659312000000|1661731200000
15393162873849|10995116326770|1654041600000|1656460800000
13194139614777|10995116298228|1643673600000|1646092800000
4398046583194|94982|1656633600000|1659052800000
4398046525487|17592186053766|1648771200000|1651190400000
21990232649563|43033|1661990400000|1666828800000
24189255839352|15393162846034|1661990400000|1664409600000
21990232639471|19791209359301|1654041600000|1658880000000
21990232626199|43033|1656633600000|1659052800000
24189255901273|19791209319437|1656633600000|1659052800000
10995116340055|19791209307104|1646092800000|1648512000000
93386|17592186126601|1659312000000|1661731200000
15393162810627|8796093047291|1648771200000|1651190400000
19791209386840|13194139549945|1656633600000|1659052800000
8796093025510|24189255880136|1635724800000|1638144000000
31649|2199023283528|1638316800000|1640736000000
6597069842145|15393162840302|1661990400000|1664409600000
26388279108376|8796093071461|1659312000000|1666569600000
2199023350924|10995116282722|1646092800000|1648512000000
17592186113200|13194139582059|1654041600000|1656460800000
17592186063514|13194139629701|1654041600000|1658880000000
13194139602625|15393162862834|1651363200000|1653782400000
39929|6124|1646092800000|1648512000000
17592186084891|17592186130238|1656633600000|1659052800000
17592186086892|8796093034878|1656633600000|1661472000000
15393162867770|15393162816424|1659312000000|1661731200000
17592186075309|15393162809556|1651363200000|1653782400000
6597069843848|17592186132092|1648771200000|1656028800000
13194139572336|6597069795190|1638316800000|1643155200000
2199023293173|4398046608911|1630454400000|1632873600000
26388279075364|21990232560147|1661990400000|1666828800000
2199023302222|13194139551963|1627776000000|1630195200000
17592186054053|15393162861408|1630454400000|1635292800000
21990232651198|15393162797874|1654041600000|1658880000000
2199023291210|17592186126601|1656633600000|1659052800000
8796093027972|10995116329431|1648771200000|1651190400000
17592186101842|26388279160440|1648771200000|1651190400000
13194139576515|4398046576424|1651363200000|1653782400000
19791209324015|10995116278719|1651363200000|1653782400000
2199023276372|13194139553728|1656633600000|1659052800000
15393162853533|24189255862799|1661990400000|1664409600000
64758|17592186114075|1646092800000|1648512000000
8796093080791|36909|1635724800000|1638144000000
10995116300171|10995116319828|1659312000000|1661731200000
17592186080570|93807|1646092800000|1648512000000
6597069858690|13194139543933|1661990400000|1664409600000
2199023337368|2199023338418|1654041600000|1656460800000
15393162886990|10921|1643673600000|1646092800000
13194139589199|15393162816424|1656633600000|1659052800000
21990232584141|2199023319330|1646092800000|1650931200000
6597069842678|58290|1646092800000|1648512000000
6597069778260|10995116313958|1659312000000|1661731200000
2199023317408|6597069767524|1648771200000|1651190400000
50859|4398046511749|1661990400000|1664409600000
4398046569196|8796093041597|1630454400000|1632873600000
55723|15393162815725|1648771200000|1651190400000
26388279124236|19791209337420|1656633600000|1663891200000
13194139581239|4398046566336|1654041600000|1656460800000
19791209397851|4398046583787|1659312000000|1661731200000
4398046608911|19791209307104|1651363200000|1653782400000
15393162805561|13194139600277|1654041600000|1656460800000
2199023341319|15393162848750|1659312000000|1661731200000
15393162813190|11326|1659312000000|1661731200000
10995116349757|13194139567466|1651363200000|1653782400000
2199023270509|8796093038395|1651363200000|1653782400000
17592186103440|21990232616918|1651363200000|1653782400000
6597069819546|21990232592280|1648771200000|1651190400000
6597069800219|6597069847208|1635724800000|1638144000000
17592186058640|13194139591778|1648771200000|1651190400000
4398046567289|8796093082498|1635724800000|1638144000000
10995116376076|19791209398431|1659312000000|1661731200000
19791209317339|19791209359301|1659312000000|1661731200000
13194139587203|19791209388169|1659312000000|1661731200000
17592186094871|4398046525487|1659312000000|1661731200000
15393162840302|8796093071461|1661990400000|1664409600000
21990232570259|77633|1661990400000|1664409600000
1364|17592186133928|1651363200000|1653782400000
15393162821489|19791209398431|1661990400000|1664409600000
8796093053575|6597069766773|1646092800000|1648512000000
19791209313287|8796093080858|1654041600000|1656460800000
13194139627403|2199023303543|1654041600000|1656460800000
10995116294411|19791209341157|1659312000000|1661731200000
10995116355924|17592186082629|1622505600000|1624924800000
2199023284261|17592186126601|1627776000000|1630195200000
37984|31649|1643673600000|1646092800000
13194139601956|8796093093225|1661990400000|1664409600000
84762|6597069826376|1646092800000|1648512000000
55593|24189255861581|1654041600000|1656460800000
13290|19791209315461|1640995200000|1643414400000
4398046585149|15393162843468|1643673600000|1646092800000
19791209383913|15393162809556|1656633600000|1659052800000
4398046565681|8796093036233|1654041600000|1656460800000
63650|21990232651198|1633046400000|1635465600000
15393162803522|10995116326325|1638316800000|1640736000000
8796093113146|2199023319330|1633046400000|1635465600000
19791209304164|24793|1654041600000|1656460800000
17592186093343|6597069773753|1654041600000|1656460800000
4398046522354|4398046546244|1648771200000|1651190400000
2199023318405|10995116328687|1648771200000|1651190400000
15393162795711|6597069848331|1656633600000|1659052800000
21990232592280|71131|1654041600000|1656460800000
78582|10995116326325|1648771200000|1651190400000
15393162806196|13194139547238|1656633600000|1659052800000
19791209395199|19791209327025|1654041600000|1658880000000
10995116374850|4398046588179|1646092800000|1648512000000
2199023276403|21990232646253|1625097600000|1627516800000
8796093034375|24189255847218|1640995200000|1643414400000
6597069809361|19791209387860|1654041600000|1656460800000
19791209389957|13194139630776|1659312000000|1661731200000
10995116290462|24189255904600|1651363200000|1653782400000
755|10995116316259|1638316800000|1640736000000
13194139591778|10995116306261|1661990400000|1664409600000
10995116281511|6597069819885|1654041600000|1656460800000
15393162861787|21990232649731|1654041600000|1656460800000
2199023315802|10995116318177|1659312000000|1664150400000
13194139572850|26388279141580|1640995200000|1643414400000
8796093053873|8796093061521|1654041600000|1656460800000
10995116287236|13194139591976|1651363200000|1653782400000
4398046603142|15393162796716|1648771200000|1651190400000
17592186113846|13194139559563|1648771200000|1651190400000
19791209350641|28587302413445|1659312000000|1661731200000
13194139598691|21990232558488|1654041600000|1656460800000
13194139567466|15393162850853|1656633600000|1659052800000
2199023270145|10995116319070|1651363200000|1653782400000
17592186132092|13194139599883|1633046400000|1637884800000
10995116306261|8796093027972|1643673600000|1646092800000
4398046552049|13194139584703|1651363200000|1653782400000
19791209318352|17592186116188|1651363200000|1653782400000
19791209307104|21990232579364|1654041600000|1656460800000
10995116333958|24189255903346|1646092800000|1648512000000
4398046609284|21990232651198|1643673600000|1646092800000
36314|65340|1661990400000|1664409600000
10995116282722|8796093082498|1659312000000|1661731200000
21990232627118|10995116287236|1661990400000|1664409600000
26388279093300|6597069807161|1654041600000|1658880000000
4398046519245|19791209393804|1633046400000|1635465600000
19791209333435|2199023339505|1651363200000|1653782400000
24189255823071|17592186113200|1654041600000|1658880000000
4398046533312|19791209307984|1635724800000|1638144000000
24189255850621|8796093027972|1648771200000|1653609600000
24189255830637|24189255858022|1656633600000|1663891200000
28587302413445|24189255850290|1661990400000|1671667200000
19791209348490|15393162872922|1654041600000|1656460800000
10995116366900|6687|1609459200000|1614297600000
10995116278719|8796093032270|1659312000000|1661731200000
8796093071461|4398046517280|1648771200000|1651190400000
2199023296670|2199023355045|1633046400000|1635465600000
19791209385105|21990232595379|1659312000000|1661731200000
17592186116371|13291|1651363200000|1653782400000
8796093090583|11326|1638316800000|1640736000000
13194139542998|13194139609950|1646092800000|1648512000000
4398046555671|8796093082498|1651363200000|1653782400000
21990232588087|10995116326770|1661990400000|1664409600000
2199023283528|4398046567289|1646092800000|1648512000000
4398046526662|24189255847218|1659312000000|1661731200000
10995116330386|13194139566968|1659312000000|1661731200000
24189255843919|19791209383913|1659312000000|1664150400000
4398046578748|4398046583194|1646092800000|1648512000000
17592186064674|71131|1651363200000|1656201600000
24189255863249|83356|1656633600000|1659052800000
83356|6597069825039|1648771200000|1651190400000
19791209308003|43334|1659312000000|1661731200000
10995116323538|6597069864403|1635724800000|1638144000000
15393162858879|13194139602625|1646092800000|1648512000000
13194139590242|8796093031426|1646092800000|1648512000000
93807|19791209319437|1646092800000|1648512000000
6597069847917|17592186130238|1646092800000|1648512000000
26388279080374|13194139557336|1659312000000|1661731200000
17592186058113|21990232604875|1654041600000|1656460800000
4398046564374|13194139563571|1659312000000|1661731200000
19791209358415|21990232629479|1648771200000|1651190400000
26388279160440|71408|1661990400000|1666828800000
2199023292548|2199023350924|1648771200000|1651190400000
13194139536687|19266|1646092800000|1648512000000
24189255848937|59972|1661990400000|1666828800000
26388279165757|17592186062691|1659312000000|1661731200000
76322|24189255815979|1633046400000|1635465600000
19791209388169|15393162846310|1661990400000|1664409600000
21990232570019|2199023295143|1661990400000|1664409600000
57173|4398046514686|1651363200000|1653782400000
19791209307984|10995116368557|1659312000000|1661731200000
6687|4398046578721|1640995200000|1643414400000
17592186131851|15393162791480|1656633600000|1659052800000
6597069808911|4398046553169|1661990400000|1664409600000
15393162818235|8796093026975|1656633600000|1659052800000
17592186114075|24189255833524|1656633600000|1659052800000
13194139537761|24189255833141|1640995200000|1643414400000
15393162843742|10995116349757|1651363200000|1653782400000
10995116367574|8796093029904|1646092800000|1648512000000
15393162874454|15393162838726|1646092800000|1648512000000
13194139582059|75891|1643673600000|1646092800000
13194139621029|10995116328687|1643673600000|1646092800000
24189255881627|24189255815979|1661990400000|1666828800000
13194139549526|2199023338906|1646092800000|1648512000000
13194139569608|2199023307307|1654041600000|1656460800000
21990232654929|17592186093181|1659312000000|1661731200000
43033|10995116343483|1627776000000|1630195200000
17592186127131|2199023281469|1656633600000|1659052800000
19791209306585|26388279158655|1654041600000|1656460800000
21990232595029|75891|1651363200000|1653782400000
6597069773753|8796093071461|1635724800000|1638144000000
17592186110056|15393162850578|1659312000000|1661731200000
24189255813247|17592186135116|1661990400000|1664409600000
17592186074641|21990232604157|1656633600000|1659052800000
15393162848750|13194139607348|1661990400000|1666828800000
10995116350894|50859|1654041600000|1656460800000
13194139567269|3301|1646092800000|1648512000000
26388279133087|15393162857927|1659312000000|1664150400000
21990232639625|10995116303889|1659312000000|1661731200000
13194139600277|8796093056334|1659312000000|1661731200000
19791209341157|2199023344352|1654041600000|1656460800000
6597069858926|19791209305537|1654041600000|1656460800000
2199023307307|13194139590242|1643673600000|1646092800000
10995116312338|2199023297515|1651363200000|1653782400000
17592186091852|24189255874797|1643673600000|1646092800000
24189255894431|8796093090583|1656633600000|1661472000000
13194139610763|13194139556386|1651363200000|1653782400000
26388279119404|15393162872922|1661990400000|1666828800000
2199023288786|19791209377345|1643673600000|1646092800000
68411|10995116319828|1614556800000|1616976000000
17592186073066|21990232614085|1654041600000|1656460800000
43310|17592186066700|1651363200000|1653782400000
50613|4398046587222|1640995200000|1643414400000
13194139589203|8796093094000|1646092800000|1648512000000
10995116334563|15393162837940|1661990400000|1664409600000
6597069826625|19791209383913|1643673600000|1646092800000
4398046546244|10995116350752|1648771200000|1651190400000
6597069839726|4398046521220|1648771200000|1651190400000
26388279136120|24189255823795|1656633600000|1661472000000
2199023338906|21990232588087|1651363200000|1653782400000
13194139609950|10995116360764|1640995200000|1643414400000
15393162800263|26388279076732|1643673600000|1648512000000
13194139547238|6597069843848|1638316800000|1640736000000
13194139556531|13194139601956|1654041600000|1656460800000
17592186093689|2199023260298|1656633600000|1659052800000
13194139564038|13194139591976|1638316800000|1640736000000
8796093113436|8796093053575|1656633600000|1659052800000
17592186070463|24189255833524|1659312000000|1661731200000
2199023343907|6597069811432|1640995200000|1643414400000
10476|36909|1627776000000|1630195200000
13194139617512|15393162814532|1633046400000|1635465600000
21990232565238|13194139543169|1659312000000|1661731200000
2199023279475|15393162840302|1651363200000|1653782400000
24189255887322|2199023325987|1648771200000|1653609600000
13194139557803|17592186081114|1661990400000|1664409600000
24189255891516|19791209307104|1656633600000|1659052800000
8796093038994|24189255813100|1661990400000|1664409600000
13194139599883|64998|1656633600000|1659052800000
24189255833289|17592186082629|1656633600000|1661472000000
4398046600395|4398046566336|1661990400000|1664409600000
6597069845991|28587302397397|1630454400000|1632873600000
4398046576909|21990232560147|1659312000000|1661731200000
6597069773997|8796093089526|1646092800000|1648512000000
13194139557336|13194139590299|1640995200000|1643414400000
8796093116565|26388279093300|1656633600000|1659052800000
6597069848331|26388279101278|1648771200000|1653609600000
4398046551683|21990232611476|1640995200000|1643414400000
2199023296949|6597069827419|1646092800000|1648512000000
24189255863895|2199023317408|1659312000000|1664150400000
4398046566472|17592186069049|1643673600000|1646092800000
17592186057879|21990232627118|1651363200000|1653782400000
10995116329431|2199023306632|1656633600000|1659052800000
13291|21990232579364|1646092800000|1648512000000
6597069841490|10995116363151|1659312000000|1661731200000
17592186129631|8796093089526|1654041600000|1656460800000
10995116313958|15393162861408|1651363200000|1653782400000
26388279143102|15393162809825|1661990400000|1666828800000
15393162843468|26388279089359|1651363200000|1653782400000
43334|17592186048037|1654041600000|1656460800000
10995116349489|13194139565061|1643673600000|1646092800000
4398046587222|17592186118814|1648771200000|1651190400000
13194139628720|19791209395199|1635724800000|1638144000000
35407|21990232581237|1630454400000|1632873600000
6597069799034|13194139549526|1656633600000|1659052800000
4398046546094|19791209376993|1654041600000|1656460800000
10921|24189255904102|1648771200000|1651190400000
2199023297515|21990232629479|1646092800000|1648512000000
4398046521220|6597069808911|1635724800000|1638144000000
10995116368557|10995116376076|1648771200000|1651190400000
71408|17592186086892|1643673600000|1646092800000
10995116353771|4398046513670|1640995200000|1643414400000
6597069766773|4398046555933|1643673600000|1646092800000
8796093023450|17592186119048|1627776000000|1630195200000
24189255863145|24189255848319|1659312000000|1664150400000
21990232626454|13194139585405|1659312000000|1661731200000
17592186081114|2199023281153|1643673600000|1646092800000
13194139556386|21990232585377|1640995200000|1643414400000
13194139613028|19791209350641|1651363200000|1653782400000
4398046517280|13194139589199|1633046400000|1635465600000
6597069822494|24189255862799|1638316800000|1640736000000
10995116319070|24189255888054|1633046400000|1635465600000
21990232640331|15393162851613|1659312000000|1661731200000
21990232634909|24189255862799|1648771200000|1651190400000
13194139543721|19791209317339|1640995200000|1643414400000
2737|24189255888200|1651363200000|1653782400000
21990232649731|13194139556531|1659312000000|1661731200000
94982|13194139598691|1646092800000|1648512000000
26388279118425|19791209371990|1659312000000|1661731200000
54275|21990232631246|1651363200000|1653782400000
15393162797861|10995116329431|1651363200000|1653782400000
19791209307749|6597069778260|1654041600000|1656460800000
6597069857201|13194139626829|1656633600000|1659052800000
17592186053766|15393162846310|1646092800000|1648512000000
2199023307867|13194139584703|1654041600000|1656460800000
26388279141580|84425|1656633600000|1661472000000
24189255861581|21990232652170|1651363200000|1656201600000
21990232652170|8796093082498|1659312000000|1664150400000
21990232622518|21990232581237|1654041600000|1656460800000
10995116350752|13194139551963|1661990400000|1664409600000
15393162850853|17592186069885|1643673600000|1646092800000
24793|24189255843919|1651363200000|1653782400000
6597069814205|17592186103440|1659312000000|1661731200000
10995116371615|13194139629701|1643673600000|1646092800000
34590|8796093029850|1643673600000|1646092800000
13194139580349|21990232651198|1646092800000|1648512000000
2199023272226|17592186064674|1625097600000|1627516800000
6597069787759|640|1643673600000|1646092800000
6597069790737|13194139564038|1640995200000|1643414400000
4398046590534|15393162846310|1656633600000|1659052800000
2199023353971|8796093034375|1630454400000|1632873600000
8796093061521|17592186053766|1643673600000|1646092800000
19791209387860|17592186126601|1659312000000|1661731200000
17592186069885|33734|1654041600000|1656460800000
13194139599185|21990232604157|1640995200000|1643414400000
8796093040170|8796093058580|1654041600000|1656460800000
2199023347761|17592186064674|1627776000000|1630195200000
53592|2199023282065|1622505600000|1624924800000
24189255857338|13194139557803|1648771200000|1656028800000
15393162810962|2199023300072|1659312000000|1661731200000
17592186093623|6597069841490|1638316800000|1640736000000
10995116295637|15393162838726|1640995200000|1643414400000
8796093026975|24189255819233|1654041600000|1656460800000
640|19791209305537|1661990400000|1664409600000
6597069783118|6597069827419|1640995200000|1643414400000
26388279073443|8796093076209|1654041600000|1661299200000
2199023325066|26388279150010|1659312000000|1661731200000
19566|37984|1656633600000|1659052800000
24189255865946|2199023283528|1656633600000|1659052800000
8796093031426|24189255888054|1638316800000|1640736000000
15393162885246|17592186047103|1661990400000|1664409600000
19791209338566|6597069842678|1659312000000|1661731200000
6597069822483|8796093061845|1661990400000|1664409600000
21990232563242|21990232651198|1646092800000|1650931200000
13194139589414|19266|1640995200000|1643414400000
24189255843770|8796093022629|1659312000000|1664150400000
24189255822165|10995116346262|1661990400000|1666828800000
15393162796716|10995116373363|1659312000000|1661731200000
24189255813100|17592186113200|1661990400000|1666828800000
8796093032270|15393162800263|1661990400000|1664409600000
13194139570019|13194139572336|1648771200000|1651190400000
8796093061845|15393162814532|1643673600000|1646092800000
21990232562218|4398046609284|1654041600000|1656460800000
92755|2199023337368|1656633600000|1659052800000
8796093086781|17592186132092|1635724800000|1638144000000
24189255842479|77633|1654041600000|1658880000000
33876|8796093025510|1651363200000|1653782400000
17592186094283|71408|1643673600000|1646092800000
6597069804599|10995116360764|1651363200000|1653782400000
6597069800823|15393162797874|1640995200000|1643414400000
2199023287835|19791209348490|1654041600000|1656460800000
15393162838258|17592186047103|1635724800000|1640563200000
75891|21990232592280|1622505600000|1624924800000
8796093067379|15393162831566|1635724800000|1638144000000
10995116348713|17592186050160|1635724800000|1640563200000
10995116303889|19791209395068|1635724800000|1638144000000
6597069823642|21990232563242|1648771200000|1651190400000
8796093023764|2737|1640995200000|1643414400000
15393162853411|17592186063514|1651363200000|1653782400000
24189255888200|19791209318352|1648771200000|1653609600000
84852|6597069799034|1630454400000|1632873600000
8796093075903|6597069825039|1648771200000|1651190400000
97685|6597069850963|1651363200000|1653782400000
2199023339505|17592186084891|1648771200000|1651190400000
8796093034878|21990232649563|1648771200000|1651190400000
24189255838787|24189255833524|1651363200000|1656201600000
21990232640770|21990232588087|1659312000000|1661731200000
24189255834406|10995116335733|1661990400000|1664409600000
13194139617520|24189255861581|1656633600000|1659052800000
24189255865480|6597069783118|1656633600000|1661472000000
58290|17592186080140|1635724800000|1638144000000
10995116288412|64758|1654041600000|1656460800000
17592186130238|10995116367574|1646092800000|1648512000000
17592186080140|13194139590242|1648771200000|1651190400000
17592186066233|13194139590242|1654041600000|1656460800000
17592186104051|24189255904600|1659312000000|1661731200000
21990232558488|11326|1654041600000|1656460800000
24189255880136|13194139564038|1656633600000|1659052800000
2199023281153|43033|1635724800000|1638144000000
10561|10995116371336|1648771200000|1651190400000
8796093080858|2199023260298|1648771200000|1651190400000
6597069840134|19791209315461|1651363200000|1653782400000
19266|10995116359279|1635724800000|1638144000000
17592186047103|24189255880136|1651363200000|1653782400000
2199023354253|21990232607602|1651363200000|1653782400000
15393162814532|13194139614777|1651363200000|1653782400000
13194139563571|10476|1659312000000|1664150400000
13194139620368|19266|1646092800000|1648512000000
21990232579364|15393162838258|1661990400000|1664409600000
8796093076209|15393162796716|1651363200000|1653782400000
19791209393804|55723|1648771200000|1651190400000
2199023296882|8796093041597|1640995200000|1643414400000
6124|15393162871344|1648771200000|1651190400000
13194139603565|24189255858022|1659312000000|1661731200000
24189255904600|10995116316259|1656633600000|1659052800000
17592186118041|2199023296882|1654041600000|1656460800000
15393162831566|2199023293173|1635724800000|1640563200000
10995116320082|17592186112825|1643673600000|1646092800000
19791209371990|2199023300072|1648771200000|1653609600000
19791209361551|17592186104366|1659312000000|1661731200000
21990232561985|13194139618433|1656633600000|1659052800000
6597069811432|26388279101278|1661990400000|1664409600000
21990232578609|4398046525213|1661990400000|1664409600000
2199023335727|13194139566968|1654041600000|1656460800000
15393162851294|19791209306585|1633046400000|1635465600000
4398046591569|24189255865946|1654041600000|1656460800000
15393162838726|21990232653207|1661990400000|1664409600000
44056|4398046543230|1654041600000|1656460800000
4398046520440|24189255850290|1635724800000|1638144000000
10995116310125|21990232570019|1648771200000|1651190400000
21990232614085|19791209333435|1648771200000|1653609600000
19791209341661|17592186094283|1648771200000|1651190400000
10995116282811|6597069857201|1648771200000|1651190400000
21990232587555|4398046581637|1661990400000|1664409600000
24189255833109|2199023303543|1659312000000|1664150400000
21990232570515|77633|1659312000000|1661731200000
77633|2199023276403|1646092800000|1648512000000
21990232596027|2199023288786|1654041600000|1656460800000
6597069841481|13194139598691|1651363200000|1653782400000
4398046573214|10995116314165|1630454400000|1632873600000
8796093044752|24189255823795|1651363200000|1653782400000
13194139565061|17592186066233|1648771200000|1651190400000
13194139622633|44056|1651363200000|1653782400000
6597069864403|12700|1661990400000|1666828800000
15393162846938|6597069810456|1646092800000|1648512000000
24189255874797|15393162811581|1656633600000|1661472000000
24189255909499|2199023295143|1661990400000|1666828800000
24189255894856|2199023317131|1661990400000|1666828800000
8796093058580|19791209385105|1656633600000|1659052800000
8796093080708|19791209307540|1656633600000|1659052800000
15393162816602|21990232589514|1633046400000|1635465600000
10995116299849|4398046560799|1646092800000|1648512000000
2199023276894|21990232570515|1659312000000|1661731200000
10995116360364|2199023279475|1656633600000|1661472000000
15393162862812|15393162843742|1648771200000|1651190400000
2199023278520|2199023319330|1648771200000|1651190400000
24189255903346|8796093023450|1661990400000|1664409600000
24189255833141|36909|1656633600000|1659052800000
2199023303543|8796093022629|1654041600000|1656460800000
24189255819233|43336|1661990400000|1664409600000
10995116373363|57173|1656633600000|1659052800000
4398046576832|24189255852270|1643673600000|1646092800000
6597069838900|15393162801362|1640995200000|1643414400000
10995116298228|15393162843742|1651363200000|1653782400000
24189255823749|13194139563571|1656633600000|1661472000000
17592186070889|6597069848331|1659312000000|1661731200000
13194139606774|21990232626454|1646092800000|1648512000000
10995116307715|19791209387860|1643673600000|1646092800000
6597069795190|17592186101842|1648771200000|1651190400000
13194139629701|24787|1661990400000|1664409600000
2199023265902|93807|1654041600000|1656460800000
17592186133928|15393162885246|1643673600000|1648512000000
13194139617982|13194139600788|1640995200000|1643414400000
13194139612626|24189255819233|1648771200000|1651190400000
13194139600806|26388279136120|1659312000000|1661731200000
10995116363151|17592186116371|1646092800000|1648512000000
19791209315461|2199023274053|1635724800000|1640563200000
6597069827419|6597069799034|1619827200000|1622246400000
24189255906454|17592186058113|1654041600000|1658880000000
2199023347146|8796093068796|1646092800000|1648512000000
13194139542625|6597069852497|1656633600000|1661472000000
24189255857208|19791209306585|1659312000000|1661731200000
19791209305537|2199023292548|1648771200000|1651190400000
4398046514686|10995116373545|1643673600000|1646092800000
6597069852497|24189255858022|1656633600000|1659052800000
10995116359719|26388279138985|1656633600000|1659052800000
4398046565869|4398046528524|1656633600000|1659052800000
2199023350843|10995116303889|1648771200000|1651190400000
8796093036233|17592186135116|1651363200000|1653782400000
17592186050160|8796093102227|1646092800000|1650931200000
64998|2199023297068|1638316800000|1640736000000
6597069810456|24189255891516|1646092800000|1648512000000
24189255858022|21990232639625|1654041600000|1656460800000
6597069847440|8796093086781|1625097600000|1627516800000
15393162815725|65340|1651363200000|1653782400000
12219|8796093116426|1648771200000|1651190400000
24787|10995116323538|1640995200000|1643414400000
6597069843658|15393162872514|1638316800000|1640736000000
24189255891677|10995116360364|1656633600000|1661472000000
4398046554599|4398046525487|1638316800000|1640736000000
15393162810653|10995116316259|1656633600000|1659052800000
17592186089200|15393162791480|1651363200000|1653782400000
17592186139586|55723|1656633600000|1661472000000
8796093078089|2199023276372|1654041600000|1658880000000
24189255863672|10995116313958|1659312000000|1661731200000
99158|19791209327025|1638316800000|1640736000000
4398046514254|4398046609524|1656633600000|1659052800000
8796093102227|88748|1659312000000|1661731200000
8796093105326|17592186125329|1651363200000|1653782400000
4398046543230|10995116374850|1659312000000|1661731200000
17592186127239|21990232587555|1656633600000|1661472000000
15393162811581|17592186097504|1651363200000|1653782400000
3301|24189255909499|1622505600000|1624924800000
13194139582137|10995116297721|1659312000000|1661731200000
15393162851613|13194139586951|1651363200000|1653782400000
2199023313629|19791209333435|1633046400000|1635465600000
26388279154151|10995116333958|1656633600000|1661472000000
13194139617787|6597069842678|1654041600000|1656460800000
2199023304650|15393162843468|1656633600000|1659052800000
2199023297068|15393162874454|1654041600000|1656460800000
2199023317131|24189255823071|1630454400000|1632873600000
2199023325987|8796093076431|1627776000000|1630195200000
21990232645020|15393162809766|1654041600000|1656460800000
2199023291662|13194139601333|1661990400000|1664409600000
17592186069049|19791209348490|1654041600000|1656460800000
19791209398431|755|1661990400000|1666828800000
19791209359301|15393162811581|1659312000000|1661731200000
10995116335733|24793|1630454400000|1632873600000
8796093029850|21990232570515|1651363200000|1653782400000
17592186048037|19791209332662|1651363200000|1653782400000
8796093080767|24189255904465|1638316800000|1640736000000
93771|4398046514254|1651363200000|1653782400000
13194139580106|6597069857201|1646092800000|1648512000000
13194139630190|78582|1661990400000|1664409600000
13194139568820|6597069773753|1654041600000|1656460800000
10995116371336|24189255907703|1659312000000|1661731200000
2199023314486|13194139587203|1646092800000|1648512000000
4398046555933|26388279108376|1659312000000|1661731200000
2199023260298|15393162815725|1651363200000|1653782400000
84375|13194139591778|1648771200000|1651190400000
24189255847074|10995116328687|1656633600000|1659052800000
10995116279995|2199023298953|1651363200000|1656201600000
21990232560147|28587302413445|1651363200000|1656201600000
15393162801362|6597069841490|1638316800000|1640736000000
2199023306632|8796093036233|1659312000000|1661731200000
10995116343024|10995116363151|1630454400000|1632873600000
4398046560799|13194139628720|1648771200000|1651190400000
10995116329696|21990232560147|1646092800000|1648512000000
2199023300072|17592186093623|1643673600000|1646092800000
19791209319437|8796093107863|1659312000000|1661731200000
13194139543933|6597069858926|1643673600000|1646092800000
17592186116435|19791209307540|1651363200000|1653782400000
8796093095330|13194139613996|1648771200000|1651190400000
8796093089526|17592186064674|1656633600000|1659052800000
10995116361034|13194139600277|1656633600000|1659052800000
19791209302717|19791209351566|1656633600000|1659052800000
2199023351761|755|1648771200000|1651190400000
13194139600788|26388279124236|1654041600000|1656460800000
15393162822891|13194139620368|1656633600000|1659052800000
21990232629479|19791209371990|1659312000000|1661731200000
15393162797935|24189255847074|1656633600000|1659052800000
15393162871344|4398046552049|1654041600000|1656460800000
4398046534785|24189255823749|1654041600000|1656460800000
4398046513670|26388279077316|1646092800000|1648512000000
26388279071438|4398046528524|1659312000000|1666569600000
13194139588573|13194139582059|1656633600000|1659052800000
13194139575295|10995116360764|1654041600000|1656460800000
17592186139730|13194139570019|1661990400000|1664409600000
2199023279242|24189255863895|1646092800000|1648512000000
8796093106869|21990232632344|1622505600000|1627344000000
6597069776844|13194139572850|1648771200000|1651190400000
24189255850521|4398046590534|1659312000000|1661731200000
15393162850578|6597069822494|1654041600000|1656460800000
2199023274053|6597069840134|1659312000000|1661731200000
19791209361873|21990232632344|1646092800000|1648512000000
13194139601333|54057|1635724800000|1638144000000
6597069825039|8796093075903|1659312000000|1661731200000
15393162837940|13194139542998|1659312000000|1666569600000
2199023298953|8796093025858|1661990400000|1664409600000
6597069767524|15393162818235|1648771200000|1651190400000
4398046578397|2199023340994|1651363200000|1653782400000
49617|2199023319330|1648771200000|1651190400000
15393162813445|6597069797873|1654041600000|1656460800000
4398046528524|21990232592280|1635724800000|1638144000000
13194139561763|15393162886990|1654041600000|1656460800000
6597069853141|15393162823584|1646092800000|1648512000000
21990232631246|19791209388169|1659312000000|1661731200000
21990232563313|2199023337368|1656633600000|1659052800000
2199023283435|13194139581239|1656633600000|1661472000000
10995116343483|17592186139586|1638316800000|1640736000000
37898|21990232592280|1654041600000|1656460800000
8796093022629|2199023331000|1635724800000|1638144000000
19791209337420|6597069847440|1648771200000|1651190400000
21990232653207|19791209361873|1659312000000|1664150400000
4398046588179|10995116366900|1633046400000|1635465600000
2199023268728|2199023279445|1635724800000|1638144000000
10995116328687|15393162837940|1627776000000|1630195200000
10995116352986|13194139559563|1638316800000|1640736000000
4398046531336|13194139549526|1651363200000|1653782400000
2199023338418|21990232647318|1635724800000|1638144000000
24189255904465|64998|1661990400000|1664409600000
8796093116206|17592186129631|1635724800000|1638144000000
