id|threshold|startTime|endTime|truncationLimit|truncationOrder
844974685947043|0.0|1627020616747|1669690342640|500|TIMESTAMP_DESCENDING
4612532092624966603|0.0|1627020616747|1669690342640|500|TIMESTAMP_DESCENDING
1408199517279108|0.0|1627020616747|1669690342640|500|TIMESTAMP_DESCENDING
4613376517555100789|0.0|1627020616747|1669690342640|500|TIMESTAMP_DESCENDING
4613657717653909269|0.0|1627020616747|1669690342640|500|TIMESTAMP_DESCENDING
4613656893020180926|0.0|1627020616747|1669690342640|500|TIMESTAMP_DESCENDING
2252349569505328|0.0|1627020616747|1669690342640|500|TIMESTAMP_DESCENDING
2252074691593913|0.0|1627020616747|1669690342640|500|TIMESTAMP_DESCENDING
4614501592828221126|0.0|1627020616747|1669690342640|500|TIMESTAMP_DESCENDING
4614782518049124880|0.0|1627020616747|1669690342640|500|TIMESTAMP_DESCENDING
3096224743829805|0.0|1627020616747|1669690342640|500|TIMESTAMP_DESCENDING
4615345193124632113|0.0|1627020616747|1669690342640|500|TIMESTAMP_DESCENDING
4615626668101346478|0.0|1627020616747|1669690342640|500|TIMESTAMP_DESCENDING
4616753667519813138|0.0|1627020616747|1669690342640|500|TIMESTAMP_DESCENDING
4617034042984901011|0.0|1627020616747|1669690342640|500|TIMESTAMP_DESCENDING
4617598917083672072|0.0|1627020616747|1669690342640|500|TIMESTAMP_DESCENDING
5910974510933181|0.0|1627020616747|1669690342640|500|TIMESTAMP_DESCENDING
4617597817572036775|0.0|1627020616747|1669690342640|500|TIMESTAMP_DESCENDING
4617597267816222927|0.0|1627020616747|1669690342640|500|TIMESTAMP_DESCENDING
6192999243450169|0.0|1627020616747|1669690342640|500|TIMESTAMP_DESCENDING
6192999243448944|0.0|1627020616747|1669690342640|500|TIMESTAMP_DESCENDING
4617880392060374387|0.0|1627020616747|1669690342640|500|TIMESTAMP_DESCENDING
4618161867037090954|0.0|1627020616747|1669690342640|500|TIMESTAMP_DESCENDING
4618441967624266602|0.0|1627020616747|1669690342640|500|TIMESTAMP_DESCENDING
6755674318974539|0.0|1627020616747|1669690342640|500|TIMESTAMP_DESCENDING
4618442792257982707|0.0|1627020616747|1669690342640|500|TIMESTAMP_DESCENDING
4618722892845164783|0.0|1627020616747|1669690342640|500|TIMESTAMP_DESCENDING
4619004917577687493|0.0|1627020616747|1669690342640|500|TIMESTAMP_DESCENDING
4619005742211406967|0.0|1627020616747|1669690342640|500|TIMESTAMP_DESCENDING
4619004917577690449|0.0|1627020616747|1669690342640|500|TIMESTAMP_DESCENDING
4619004917577689932|0.0|1627020616747|1669690342640|500|TIMESTAMP_DESCENDING
7881299347910345|0.0|1627020616747|1669690342640|500|TIMESTAMP_DESCENDING
4619568967042731108|0.0|1627020616747|1669690342640|500|TIMESTAMP_DESCENDING
8162774324618645|0.0|1627020616747|1669690342640|500|TIMESTAMP_DESCENDING
8163598958335487|0.0|1627020616747|1669690342640|500|TIMESTAMP_DESCENDING
4619849892263636604|0.0|1627020616747|1669690342640|500|TIMESTAMP_DESCENDING
8163598958333964|0.0|1627020616747|1669690342640|500|TIMESTAMP_DESCENDING
4619850442019443660|0.0|1627020616747|1669690342640|500|TIMESTAMP_DESCENDING
8163049202527192|0.0|1627020616747|1669690342640|500|TIMESTAMP_DESCENDING
4620131916996155429|0.0|1627020616747|1669690342640|500|TIMESTAMP_DESCENDING
4620130817484532687|0.0|1627020616747|1669690342640|500|TIMESTAMP_DESCENDING
4620131642118249149|0.0|1627020616747|1669690342640|500|TIMESTAMP_DESCENDING
8444249301328991|0.0|1627020616747|1669690342640|500|TIMESTAMP_DESCENDING
8444524179234353|0.0|1627020616747|1669690342640|500|TIMESTAMP_DESCENDING
8444799057137712|0.0|1627020616747|1669690342640|500|TIMESTAMP_DESCENDING
8725999155942330|0.0|1627020616747|1669690342640|500|TIMESTAMP_DESCENDING
8725724278032660|0.0|1627020616747|1669690342640|500|TIMESTAMP_DESCENDING
8726548911763195|0.0|1627020616747|1669690342640|500|TIMESTAMP_DESCENDING
4620412567339145312|0.0|1627020616747|1669690342640|500|TIMESTAMP_DESCENDING
4620413117094961521|0.0|1627020616747|1669690342640|500|TIMESTAMP_DESCENDING
4620411742705423050|0.0|1627020616747|1669690342640|500|TIMESTAMP_DESCENDING
4620693767437955022|0.0|1627020616747|1669690342640|500|TIMESTAMP_DESCENDING
4620695141827482400|0.0|1627020616747|1669690342640|500|TIMESTAMP_DESCENDING
9007749010558798|0.0|1627020616747|1669690342640|500|TIMESTAMP_DESCENDING
4620974692658847703|0.0|1627020616747|1669690342640|500|TIMESTAMP_DESCENDING
4620976067048381180|0.0|1627020616747|1669690342640|500|TIMESTAMP_DESCENDING
9288949109362537|0.0|1627020616747|1669690342640|500|TIMESTAMP_DESCENDING
4621257542025089833|0.0|1627020616747|1669690342640|500|TIMESTAMP_DESCENDING
4621256992269282188|0.0|1627020616747|1669690342640|500|TIMESTAMP_DESCENDING
4621256167635556426|0.0|1627020616747|1669690342640|500|TIMESTAMP_DESCENDING
4621256167635561332|0.0|1627020616747|1669690342640|500|TIMESTAMP_DESCENDING
9570149208172416|0.0|1627020616747|1669690342640|500|TIMESTAMP_DESCENDING
4621539566757622267|0.0|1627020616747|1669690342640|500|TIMESTAMP_DESCENDING
4621819392466883691|0.0|1627020616747|1669690342640|500|TIMESTAMP_DESCENDING
4621819392466880237|0.0|1627020616747|1669690342640|500|TIMESTAMP_DESCENDING
4621819117588973521|0.0|1627020616747|1669690342640|500|TIMESTAMP_DESCENDING
4622100592565682706|0.0|1627020616747|1669690342640|500|TIMESTAMP_DESCENDING
4622101142321499694|0.0|1627020616747|1669690342640|500|TIMESTAMP_DESCENDING
4622101417199403282|0.0|1627020616747|1669690342640|500|TIMESTAMP_DESCENDING
4622100867443599190|0.0|1627020616747|1669690342640|500|TIMESTAMP_DESCENDING
4622102241833130247|0.0|1627020616747|1669690342640|500|TIMESTAMP_DESCENDING
4622383991687753283|0.0|1627020616747|1669690342640|500|TIMESTAMP_DESCENDING
4622383716809835218|0.0|1627020616747|1669690342640|500|TIMESTAMP_DESCENDING
4622383991687744185|0.0|1627020616747|1669690342640|500|TIMESTAMP_DESCENDING
4622383716809836141|0.0|1627020616747|1669690342640|500|TIMESTAMP_DESCENDING
10696598870827495|0.0|1627020616747|1669690342640|500|TIMESTAMP_DESCENDING
4622664367152831307|0.0|1627020616747|1669690342640|500|TIMESTAMP_DESCENDING
4622664092274917968|0.0|1627020616747|1669690342640|500|TIMESTAMP_DESCENDING
4622664642030742508|0.0|1627020616747|1669690342640|500|TIMESTAMP_DESCENDING
4622665466664464495|0.0|1627020616747|1669690342640|500|TIMESTAMP_DESCENDING
11258999068435553|0.0|1627020616747|1669690342640|500|TIMESTAMP_DESCENDING
4622946117007450613|0.0|1627020616747|1669690342640|500|TIMESTAMP_DESCENDING
11259823702150732|0.0|1627020616747|1669690342640|500|TIMESTAMP_DESCENDING
4622946666763265498|0.0|1627020616747|1669690342640|500|TIMESTAMP_DESCENDING
4622946391885352369|0.0|1627020616747|1669690342640|500|TIMESTAMP_DESCENDING
11258999068433714|0.0|1627020616747|1669690342640|500|TIMESTAMP_DESCENDING
4622946666763263586|0.0|1627020616747|1669690342640|500|TIMESTAMP_DESCENDING
4622945567251630212|0.0|1627020616747|1669690342640|500|TIMESTAMP_DESCENDING
11541298678870327|0.0|1627020616747|1669690342640|500|TIMESTAMP_DESCENDING
11541298678865892|0.0|1627020616747|1669690342640|500|TIMESTAMP_DESCENDING
11822498777667631|0.0|1627020616747|1669690342640|500|TIMESTAMP_DESCENDING
4623509616716689547|0.0|1627020616747|1669690342640|500|TIMESTAMP_DESCENDING
11822773655576065|0.0|1627020616747|1669690342640|500|TIMESTAMP_DESCENDING
4623509341838782550|0.0|1627020616747|1669690342640|500|TIMESTAMP_DESCENDING
4623509341838776389|0.0|1627020616747|1669690342640|500|TIMESTAMP_DESCENDING
4623509341838778269|0.0|1627020616747|1669690342640|500|TIMESTAMP_DESCENDING
4623791091693391629|0.0|1627020616747|1669690342640|500|TIMESTAMP_DESCENDING
4623789992181765832|0.0|1627020616747|1669690342640|500|TIMESTAMP_DESCENDING
12103423998560075|0.0|1627020616747|1669690342640|500|TIMESTAMP_DESCENDING
4624071192280575657|0.0|1627020616747|1669690342640|500|TIMESTAMP_DESCENDING
4624070917402663795|0.0|1627020616747|1669690342640|500|TIMESTAMP_DESCENDING
4624071467158473560|0.0|1627020616747|1669690342640|500|TIMESTAMP_DESCENDING
4624352392379370720|0.0|1627020616747|1669690342640|500|TIMESTAMP_DESCENDING
12667198585701899|0.0|1627020616747|1669690342640|500|TIMESTAMP_DESCENDING
4624353217013099242|0.0|1627020616747|1669690342640|500|TIMESTAMP_DESCENDING
4624634417111899313|0.0|1627020616747|1669690342640|500|TIMESTAMP_DESCENDING
12947848928702356|0.0|1627020616747|1669690342640|500|TIMESTAMP_DESCENDING
4624634417111895538|0.0|1627020616747|1669690342640|500|TIMESTAMP_DESCENDING
4624635241745617780|0.0|1627020616747|1669690342640|500|TIMESTAMP_DESCENDING
4624635241745616909|0.0|1627020616747|1669690342640|500|TIMESTAMP_DESCENDING
4624634142233990110|0.0|1627020616747|1669690342640|500|TIMESTAMP_DESCENDING
4624916441844423029|0.0|1627020616747|1669690342640|500|TIMESTAMP_DESCENDING
4624915617210701317|0.0|1627020616747|1669690342640|500|TIMESTAMP_DESCENDING
4624916166966509721|0.0|1627020616747|1669690342640|500|TIMESTAMP_DESCENDING
13229323905401210|0.0|1627020616747|1669690342640|500|TIMESTAMP_DESCENDING
4624917266478144605|0.0|1627020616747|1669690342640|500|TIMESTAMP_DESCENDING
4624916441844424898|0.0|1627020616747|1669690342640|500|TIMESTAMP_DESCENDING
4624915342332790332|0.0|1627020616747|1669690342640|500|TIMESTAMP_DESCENDING
4625198191699042559|0.0|1627020616747|1669690342640|500|TIMESTAMP_DESCENDING
13511623515833217|0.0|1627020616747|1669690342640|500|TIMESTAMP_DESCENDING
4625198466576943279|0.0|1627020616747|1669690342640|500|TIMESTAMP_DESCENDING
4625197092187409878|0.0|1627020616747|1669690342640|500|TIMESTAMP_DESCENDING
13793098492544516|0.0|1627020616747|1669690342640|500|TIMESTAMP_DESCENDING
13792548736735351|0.0|1627020616747|1669690342640|500|TIMESTAMP_DESCENDING
4625478567164120965|0.0|1627020616747|1669690342640|500|TIMESTAMP_DESCENDING
4625478567164126638|0.0|1627020616747|1669690342640|500|TIMESTAMP_DESCENDING
13792548736736541|0.0|1627020616747|1669690342640|500|TIMESTAMP_DESCENDING
13792823614636985|0.0|1627020616747|1669690342640|500|TIMESTAMP_DESCENDING
4625760042140829422|0.0|1627020616747|1669690342640|500|TIMESTAMP_DESCENDING
4625760866774558278|0.0|1627020616747|1669690342640|500|TIMESTAMP_DESCENDING
4625761691408272023|0.0|1627020616747|1669690342640|500|TIMESTAMP_DESCENDING
14074573469256955|0.0|1627020616747|1669690342640|500|TIMESTAMP_DESCENDING
4625760866774560870|0.0|1627020616747|1669690342640|500|TIMESTAMP_DESCENDING
4626041517117547155|0.0|1627020616747|1669690342640|500|TIMESTAMP_DESCENDING
4626041242239641840|0.0|1627020616747|1669690342640|500|TIMESTAMP_DESCENDING
4626042341751260140|0.0|1627020616747|1669690342640|500|TIMESTAMP_DESCENDING
14355223812252863|0.0|1627020616747|1669690342640|500|TIMESTAMP_DESCENDING
14637523422679622|0.0|1627020616747|1669690342640|500|TIMESTAMP_DESCENDING
4626324641361691126|0.0|1627020616747|1669690342640|500|TIMESTAMP_DESCENDING
4626324091605889199|0.0|1627020616747|1669690342640|500|TIMESTAMP_DESCENDING
14636698788963656|0.0|1627020616747|1669690342640|500|TIMESTAMP_DESCENDING
4626322992094259293|0.0|1627020616747|1669690342640|500|TIMESTAMP_DESCENDING
4626322992094254480|0.0|1627020616747|1669690342640|500|TIMESTAMP_DESCENDING
4626324091605881496|0.0|1627020616747|1669690342640|500|TIMESTAMP_DESCENDING
4626604192193064629|0.0|1627020616747|1669690342640|500|TIMESTAMP_DESCENDING
14918998399391818|0.0|1627020616747|1669690342640|500|TIMESTAMP_DESCENDING
4626887591315116139|0.0|1627020616747|1669690342640|500|TIMESTAMP_DESCENDING
4626887316437210056|0.0|1627020616747|1669690342640|500|TIMESTAMP_DESCENDING
4627167966780201802|0.0|1627020616747|1669690342640|500|TIMESTAMP_DESCENDING
4627168791413916970|0.0|1627020616747|1669690342640|500|TIMESTAMP_DESCENDING
4627168516536009920|0.0|1627020616747|1669690342640|500|TIMESTAMP_DESCENDING
4627167691902298572|0.0|1627020616747|1669690342640|500|TIMESTAMP_DESCENDING
4627449991512720090|0.0|1627020616747|1669690342640|500|TIMESTAMP_DESCENDING
15763423329529490|0.0|1627020616747|1669690342640|500|TIMESTAMP_DESCENDING
4627450541268541828|0.0|1627020616747|1669690342640|500|TIMESTAMP_DESCENDING
4627449716634817150|0.0|1627020616747|1669690342640|500|TIMESTAMP_DESCENDING
15762873573704545|0.0|1627020616747|1669690342640|500|TIMESTAMP_DESCENDING
4627450541268544675|0.0|1627020616747|1669690342640|500|TIMESTAMP_DESCENDING
4627730641855717556|0.0|1627020616747|1669690342640|500|TIMESTAMP_DESCENDING
4627730916733628725|0.0|1627020616747|1669690342640|500|TIMESTAMP_DESCENDING
4627731466489439047|0.0|1627020616747|1669690342640|500|TIMESTAMP_DESCENDING
4627731191611533655|0.0|1627020616747|1669690342640|500|TIMESTAMP_DESCENDING
4627732016245250081|0.0|1627020616747|1669690342640|500|TIMESTAMP_DESCENDING
4627731466489433225|0.0|1627020616747|1669690342640|500|TIMESTAMP_DESCENDING
4627730916733627476|0.0|1627020616747|1669690342640|500|TIMESTAMP_DESCENDING
16325548649228010|0.0|1627020616747|1669690342640|500|TIMESTAMP_DESCENDING
4628012666588237918|0.0|1627020616747|1669690342640|500|TIMESTAMP_DESCENDING
4628013216344060059|0.0|1627020616747|1669690342640|500|TIMESTAMP_DESCENDING
4628011567076613009|0.0|1627020616747|1669690342640|500|TIMESTAMP_DESCENDING
16326373282942541|0.0|1627020616747|1669690342640|500|TIMESTAMP_DESCENDING
16325548649223829|0.0|1627020616747|1669690342640|500|TIMESTAMP_DESCENDING
16326098405042985|0.0|1627020616747|1669690342640|500|TIMESTAMP_DESCENDING
16607023625934631|0.0|1627020616747|1669690342640|500|TIMESTAMP_DESCENDING
4628293316931228636|0.0|1627020616747|1669690342640|500|TIMESTAMP_DESCENDING
16607298503837390|0.0|1627020616747|1669690342640|500|TIMESTAMP_DESCENDING
4628293316931226386|0.0|1627020616747|1669690342640|500|TIMESTAMP_DESCENDING
4628293591809134144|0.0|1627020616747|1669690342640|500|TIMESTAMP_DESCENDING
4628294416442864368|0.0|1627020616747|1669690342640|500|TIMESTAMP_DESCENDING
4628294966198673063|0.0|1627020616747|1669690342640|500|TIMESTAMP_DESCENDING
4628293591809142882|0.0|1627020616747|1669690342640|500|TIMESTAMP_DESCENDING
4628576441175381780|0.0|1627020616747|1669690342640|500|TIMESTAMP_DESCENDING
4628575341663756904|0.0|1627020616747|1669690342640|500|TIMESTAMP_DESCENDING
4628575341663751250|0.0|1627020616747|1669690342640|500|TIMESTAMP_DESCENDING
16889048358461102|0.0|1627020616747|1669690342640|500|TIMESTAMP_DESCENDING
4628576166297469670|0.0|1627020616747|1669690342640|500|TIMESTAMP_DESCENDING
16889048358464795|0.0|1627020616747|1669690342640|500|TIMESTAMP_DESCENDING
4628574517030030179|0.0|1627020616747|1669690342640|500|TIMESTAMP_DESCENDING
4628574517030030314|0.0|1627020616747|1669690342640|500|TIMESTAMP_DESCENDING
4628857916152090536|0.0|1627020616747|1669690342640|500|TIMESTAMP_DESCENDING
4628857916152099389|0.0|1627020616747|1669690342640|500|TIMESTAMP_DESCENDING
4628857091518378369|0.0|1627020616747|1669690342640|500|TIMESTAMP_DESCENDING
17170798213071244|0.0|1627020616747|1669690342640|500|TIMESTAMP_DESCENDING
17170523335166060|0.0|1627020616747|1669690342640|500|TIMESTAMP_DESCENDING
17170248457266148|0.0|1627020616747|1669690342640|500|TIMESTAMP_DESCENDING
17169973579356982|0.0|1627020616747|1669690342640|500|TIMESTAMP_DESCENDING
17169973579352158|0.0|1627020616747|1669690342640|500|TIMESTAMP_DESCENDING
4628857091518376171|0.0|1627020616747|1669690342640|500|TIMESTAMP_DESCENDING
4628857916152089509|0.0|1627020616747|1669690342640|500|TIMESTAMP_DESCENDING
4629138291617181118|0.0|1627020616747|1669690342640|500|TIMESTAMP_DESCENDING
17451998311883107|0.0|1627020616747|1669690342640|500|TIMESTAMP_DESCENDING
4629138016739268004|0.0|1627020616747|1669690342640|500|TIMESTAMP_DESCENDING
4629138566495081906|0.0|1627020616747|1669690342640|500|TIMESTAMP_DESCENDING
17451448556070936|0.0|1627020616747|1669690342640|500|TIMESTAMP_DESCENDING
4629139391128799884|0.0|1627020616747|1669690342640|500|TIMESTAMP_DESCENDING
4629137741861363176|0.0|1627020616747|1669690342640|500|TIMESTAMP_DESCENDING
4629138016739269385|0.0|1627020616747|1669690342640|500|TIMESTAMP_DESCENDING
4629418941960169428|0.0|1627020616747|1669690342640|500|TIMESTAMP_DESCENDING
4629420316349702720|0.0|1627020616747|1669690342640|500|TIMESTAMP_DESCENDING
4629420316349698371|0.0|1627020616747|1669690342640|500|TIMESTAMP_DESCENDING
4629420866105515465|0.0|1627020616747|1669690342640|500|TIMESTAMP_DESCENDING
4629419216838069993|0.0|1627020616747|1669690342640|500|TIMESTAMP_DESCENDING
4629700691814789864|0.0|1627020616747|1669690342640|500|TIMESTAMP_DESCENDING
18014948265303634|0.0|1627020616747|1669690342640|500|TIMESTAMP_DESCENDING
4629700966692694266|0.0|1627020616747|1669690342640|500|TIMESTAMP_DESCENDING
18014398509488091|0.0|1627020616747|1669690342640|500|TIMESTAMP_DESCENDING
4629702341082225837|0.0|1627020616747|1669690342640|500|TIMESTAMP_DESCENDING
18015223143215811|0.0|1627020616747|1669690342640|500|TIMESTAMP_DESCENDING
4629700416936879038|0.0|1627020616747|1669690342640|500|TIMESTAMP_DESCENDING
4629701791326405907|0.0|1627020616747|1669690342640|500|TIMESTAMP_DESCENDING
18014673387397418|0.0|1627020616747|1669690342640|500|TIMESTAMP_DESCENDING
4629700416936879881|0.0|1627020616747|1669690342640|500|TIMESTAMP_DESCENDING
4629701516448508565|0.0|1627020616747|1669690342640|500|TIMESTAMP_DESCENDING
18295873486200002|0.0|1627020616747|1669690342640|500|TIMESTAMP_DESCENDING
4629983266303127963|0.0|1627020616747|1669690342640|500|TIMESTAMP_DESCENDING
4629982441669396289|0.0|1627020616747|1669690342640|500|TIMESTAMP_DESCENDING
4629983816058930813|0.0|1627020616747|1669690342640|500|TIMESTAMP_DESCENDING
4629983266303124178|0.0|1627020616747|1669690342640|500|TIMESTAMP_DESCENDING
4630265291035646630|0.0|1627020616747|1669690342640|500|TIMESTAMP_DESCENDING
4630265291035643494|0.0|1627020616747|1669690342640|500|TIMESTAMP_DESCENDING
4630263641768205399|0.0|1627020616747|1669690342640|500|TIMESTAMP_DESCENDING
4630264741279825937|0.0|1627020616747|1669690342640|500|TIMESTAMP_DESCENDING
4630263916646110571|0.0|1627020616747|1669690342640|500|TIMESTAMP_DESCENDING
4630263641768209250|0.0|1627020616747|1669690342640|500|TIMESTAMP_DESCENDING
18577898218726748|0.0|1627020616747|1669690342640|500|TIMESTAMP_DESCENDING
4630545116744910732|0.0|1627020616747|1669690342640|500|TIMESTAMP_DESCENDING
4630545941378639997|0.0|1627020616747|1669690342640|500|TIMESTAMP_DESCENDING
4630545666500729563|0.0|1627020616747|1669690342640|500|TIMESTAMP_DESCENDING
4630545941378635659|0.0|1627020616747|1669690342640|500|TIMESTAMP_DESCENDING
4630546766012351341|0.0|1627020616747|1669690342640|500|TIMESTAMP_DESCENDING
4630827691233255999|0.0|1627020616747|1669690342640|500|TIMESTAMP_DESCENDING
4630826591721627199|0.0|1627020616747|1669690342640|500|TIMESTAMP_DESCENDING
4630827416355342344|0.0|1627020616747|1669690342640|500|TIMESTAMP_DESCENDING
4630827691233259080|0.0|1627020616747|1669690342640|500|TIMESTAMP_DESCENDING
19140573294235575|0.0|1627020616747|1669690342640|500|TIMESTAMP_DESCENDING
4630826591721626105|0.0|1627020616747|1669690342640|500|TIMESTAMP_DESCENDING
19141123050048094|0.0|1627020616747|1669690342640|500|TIMESTAMP_DESCENDING
4631107791820433042|0.0|1627020616747|1669690342640|500|TIMESTAMP_DESCENDING
19422598026763565|0.0|1627020616747|1669690342640|500|TIMESTAMP_DESCENDING
19422323148855989|0.0|1627020616747|1669690342640|500|TIMESTAMP_DESCENDING
4631109715965780459|0.0|1627020616747|1669690342640|500|TIMESTAMP_DESCENDING
4631108891332054977|0.0|1627020616747|1669690342640|500|TIMESTAMP_DESCENDING
4631109715965777985|0.0|1627020616747|1669690342640|500|TIMESTAMP_DESCENDING
4631107791820431589|0.0|1627020616747|1669690342640|500|TIMESTAMP_DESCENDING
19422048270949060|0.0|1627020616747|1669690342640|500|TIMESTAMP_DESCENDING
4631107791820432628|0.0|1627020616747|1669690342640|500|TIMESTAMP_DESCENDING
19422598026766088|0.0|1627020616747|1669690342640|500|TIMESTAMP_DESCENDING
19422323148856218|0.0|1627020616747|1669690342640|500|TIMESTAMP_DESCENDING
4631108891332060581|0.0|1627020616747|1669690342640|500|TIMESTAMP_DESCENDING
4631390916064584266|0.0|1627020616747|1669690342640|500|TIMESTAMP_DESCENDING
19703523247660082|0.0|1627020616747|1669690342640|500|TIMESTAMP_DESCENDING
19703798125561724|0.0|1627020616747|1669690342640|500|TIMESTAMP_DESCENDING
4631389816552953038|0.0|1627020616747|1669690342640|500|TIMESTAMP_DESCENDING
4631391190942489256|0.0|1627020616747|1669690342640|500|TIMESTAMP_DESCENDING
4631672116163387649|0.0|1627020616747|1669690342640|500|TIMESTAMP_DESCENDING
4631672116163386090|0.0|1627020616747|1669690342640|500|TIMESTAMP_DESCENDING
4631671841285475681|0.0|1627020616747|1669690342640|500|TIMESTAMP_DESCENDING
4631672116163388842|0.0|1627020616747|1669690342640|500|TIMESTAMP_DESCENDING
4631672116163387620|0.0|1627020616747|1669690342640|500|TIMESTAMP_DESCENDING
4631671841285483136|0.0|1627020616747|1669690342640|500|TIMESTAMP_DESCENDING
4631671016651756507|0.0|1627020616747|1669690342640|500|TIMESTAMP_DESCENDING
19985273102279846|0.0|1627020616747|1669690342640|500|TIMESTAMP_DESCENDING
19985273102281206|0.0|1627020616747|1669690342640|500|TIMESTAMP_DESCENDING
4631671016651757178|0.0|1627020616747|1669690342640|500|TIMESTAMP_DESCENDING
4631952491628467342|0.0|1627020616747|1669690342640|500|TIMESTAMP_DESCENDING
4631953041384276504|0.0|1627020616747|1669690342640|500|TIMESTAMP_DESCENDING
20266198323175145|0.0|1627020616747|1669690342640|500|TIMESTAMP_DESCENDING
4631954140895908154|0.0|1627020616747|1669690342640|500|TIMESTAMP_DESCENDING
4631954140895907386|0.0|1627020616747|1669690342640|500|TIMESTAMP_DESCENDING
4631952216750555475|0.0|1627020616747|1669690342640|500|TIMESTAMP_DESCENDING
4631952216750560653|0.0|1627020616747|1669690342640|500|TIMESTAMP_DESCENDING
4631953591140102229|0.0|1627020616747|1669690342640|500|TIMESTAMP_DESCENDING
4631952766506378395|0.0|1627020616747|1669690342640|500|TIMESTAMP_DESCENDING
4631952491628471379|0.0|1627020616747|1669690342640|500|TIMESTAMP_DESCENDING
20266473201084861|0.0|1627020616747|1669690342640|500|TIMESTAMP_DESCENDING
4631952491628469801|0.0|1627020616747|1669690342640|500|TIMESTAMP_DESCENDING
20266473201082937|0.0|1627020616747|1669690342640|500|TIMESTAMP_DESCENDING
20548497933608883|0.0|1627020616747|1669690342640|500|TIMESTAMP_DESCENDING
20547948177790091|0.0|1627020616747|1669690342640|500|TIMESTAMP_DESCENDING
4632234241483089948|0.0|1627020616747|1669690342640|500|TIMESTAMP_DESCENDING
20547673299885543|0.0|1627020616747|1669690342640|500|TIMESTAMP_DESCENDING
4632517090849333138|0.0|1627020616747|1669690342640|500|TIMESTAMP_DESCENDING
4632516541093523504|0.0|1627020616747|1669690342640|500|TIMESTAMP_DESCENDING
4632517090849337916|0.0|1627020616747|1669690342640|500|TIMESTAMP_DESCENDING
20829698032407043|0.0|1627020616747|1669690342640|500|TIMESTAMP_DESCENDING
20829423154506913|0.0|1627020616747|1669690342640|500|TIMESTAMP_DESCENDING
4632515991337701103|0.0|1627020616747|1669690342640|500|TIMESTAMP_DESCENDING
20829698032406523|0.0|1627020616747|1669690342640|500|TIMESTAMP_DESCENDING
20829423154497033|0.0|1627020616747|1669690342640|500|TIMESTAMP_DESCENDING
4632517090849335407|0.0|1627020616747|1669690342640|500|TIMESTAMP_DESCENDING
21111447887023765|0.0|1627020616747|1669690342640|500|TIMESTAMP_DESCENDING
4632796916558603121|0.0|1627020616747|1669690342640|500|TIMESTAMP_DESCENDING
4632796916558603670|0.0|1627020616747|1669690342640|500|TIMESTAMP_DESCENDING
21110898131215481|0.0|1627020616747|1669690342640|500|TIMESTAMP_DESCENDING
4632798016070234386|0.0|1627020616747|1669690342640|500|TIMESTAMP_DESCENDING
4632798565826042410|0.0|1627020616747|1669690342640|500|TIMESTAMP_DESCENDING
21110623253303822|0.0|1627020616747|1669690342640|500|TIMESTAMP_DESCENDING
4632796916558605700|0.0|1627020616747|1669690342640|500|TIMESTAMP_DESCENDING
4632796641680690155|0.0|1627020616747|1669690342640|500|TIMESTAMP_DESCENDING
4632798565826038999|0.0|1627020616747|1669690342640|500|TIMESTAMP_DESCENDING
4633078391535313553|0.0|1627020616747|1669690342640|500|TIMESTAMP_DESCENDING
4633078116657399292|0.0|1627020616747|1669690342640|500|TIMESTAMP_DESCENDING
4633079216169027136|0.0|1627020616747|1669690342640|500|TIMESTAMP_DESCENDING
21392373107920733|0.0|1627020616747|1669690342640|500|TIMESTAMP_DESCENDING
21392647985832114|0.0|1627020616747|1669690342640|500|TIMESTAMP_DESCENDING
4633079216169027366|0.0|1627020616747|1669690342640|500|TIMESTAMP_DESCENDING
21392098230013342|0.0|1627020616747|1669690342640|500|TIMESTAMP_DESCENDING
21392922863737533|0.0|1627020616747|1669690342640|500|TIMESTAMP_DESCENDING
21392922863743300|0.0|1627020616747|1669690342640|500|TIMESTAMP_DESCENDING
21392373107922061|0.0|1627020616747|1669690342640|500|TIMESTAMP_DESCENDING
21392098230010701|0.0|1627020616747|1669690342640|500|TIMESTAMP_DESCENDING
4633361240901562311|0.0|1627020616747|1669690342640|500|TIMESTAMP_DESCENDING
4633361240901551458|0.0|1627020616747|1669690342640|500|TIMESTAMP_DESCENDING
21674397840445090|0.0|1627020616747|1669690342640|500|TIMESTAMP_DESCENDING
4633361240901561594|0.0|1627020616747|1669690342640|500|TIMESTAMP_DESCENDING
4633360416267833704|0.0|1627020616747|1669690342640|500|TIMESTAMP_DESCENDING
4633361240901560232|0.0|1627020616747|1669690342640|500|TIMESTAMP_DESCENDING
4633360691145739868|0.0|1627020616747|1669690342640|500|TIMESTAMP_DESCENDING
4633360966023650793|0.0|1627020616747|1669690342640|500|TIMESTAMP_DESCENDING
4633361240901556370|0.0|1627020616747|1669690342640|500|TIMESTAMP_DESCENDING
21673848084633850|0.0|1627020616747|1669690342640|500|TIMESTAMP_DESCENDING
21955323061341771|0.0|1627020616747|1669690342640|500|TIMESTAMP_DESCENDING
4633641891244551729|0.0|1627020616747|1669690342640|500|TIMESTAMP_DESCENDING
4633642441000354984|0.0|1627020616747|1669690342640|500|TIMESTAMP_DESCENDING
21955048183434653|0.0|1627020616747|1669690342640|500|TIMESTAMP_DESCENDING
4633642990756172915|0.0|1627020616747|1669690342640|500|TIMESTAMP_DESCENDING
4633641891244544370|0.0|1627020616747|1669690342640|500|TIMESTAMP_DESCENDING
21955048183438481|0.0|1627020616747|1669690342640|500|TIMESTAMP_DESCENDING
4633641341488736076|0.0|1627020616747|1669690342640|500|TIMESTAMP_DESCENDING
21955872817164169|0.0|1627020616747|1669690342640|500|TIMESTAMP_DESCENDING
4633923091343352739|0.0|1627020616747|1669690342640|500|TIMESTAMP_DESCENDING
22237347793869587|0.0|1627020616747|1669690342640|500|TIMESTAMP_DESCENDING
4633924465732885318|0.0|1627020616747|1669690342640|500|TIMESTAMP_DESCENDING
4633923641099165031|0.0|1627020616747|1669690342640|500|TIMESTAMP_DESCENDING
4633922541587542355|0.0|1627020616747|1669690342640|500|TIMESTAMP_DESCENDING
4633923641099168682|0.0|1627020616747|1669690342640|500|TIMESTAMP_DESCENDING
4633922816465447871|0.0|1627020616747|1669690342640|500|TIMESTAMP_DESCENDING
22236523160143348|0.0|1627020616747|1669690342640|500|TIMESTAMP_DESCENDING
4634205665831689865|0.0|1627020616747|1669690342640|500|TIMESTAMP_DESCENDING
22518822770574606|0.0|1627020616747|1669690342640|500|TIMESTAMP_DESCENDING
22518547892668907|0.0|1627020616747|1669690342640|500|TIMESTAMP_DESCENDING
4634204291442155716|0.0|1627020616747|1669690342640|500|TIMESTAMP_DESCENDING
4634204016564246787|0.0|1627020616747|1669690342640|500|TIMESTAMP_DESCENDING
4634205940709596220|0.0|1627020616747|1669690342640|500|TIMESTAMP_DESCENDING
4634205116075868781|0.0|1627020616747|1669690342640|500|TIMESTAMP_DESCENDING
4634205940709597767|0.0|1627020616747|1669690342640|500|TIMESTAMP_DESCENDING
4634204566320058746|0.0|1627020616747|1669690342640|500|TIMESTAMP_DESCENDING
4634204016564245195|0.0|1627020616747|1669690342640|500|TIMESTAMP_DESCENDING
4634204841197965292|0.0|1627020616747|1669690342640|500|TIMESTAMP_DESCENDING
4634205665831691647|0.0|1627020616747|1669690342640|500|TIMESTAMP_DESCENDING
4634486041296768358|0.0|1627020616747|1669690342640|500|TIMESTAMP_DESCENDING
4634486041296769145|0.0|1627020616747|1669690342640|500|TIMESTAMP_DESCENDING
4634485491540951761|0.0|1627020616747|1669690342640|500|TIMESTAMP_DESCENDING
4634486865930492033|0.0|1627020616747|1669690342640|500|TIMESTAMP_DESCENDING
4634485491540963937|0.0|1627020616747|1669690342640|500|TIMESTAMP_DESCENDING
4634486865930495034|0.0|1627020616747|1669690342640|500|TIMESTAMP_DESCENDING
4634485491540960024|0.0|1627020616747|1669690342640|500|TIMESTAMP_DESCENDING
4634487140808398628|0.0|1627020616747|1669690342640|500|TIMESTAMP_DESCENDING
23081222968192418|0.0|1627020616747|1669690342640|500|TIMESTAMP_DESCENDING
4634768066029290497|0.0|1627020616747|1669690342640|500|TIMESTAMP_DESCENDING
4634768340907198729|0.0|1627020616747|1669690342640|500|TIMESTAMP_DESCENDING
23081222968193294|0.0|1627020616747|1669690342640|500|TIMESTAMP_DESCENDING
23081772723994791|0.0|1627020616747|1669690342640|500|TIMESTAMP_DESCENDING
23080948090284256|0.0|1627020616747|1669690342640|500|TIMESTAMP_DESCENDING
4634767791151384621|0.0|1627020616747|1669690342640|500|TIMESTAMP_DESCENDING
4635048441494372626|0.0|1627020616747|1669690342640|500|TIMESTAMP_DESCENDING
4635048991250192392|0.0|1627020616747|1669690342640|500|TIMESTAMP_DESCENDING
4635050365639721438|0.0|1627020616747|1669690342640|500|TIMESTAMP_DESCENDING
23363247700713962|0.0|1627020616747|1669690342640|500|TIMESTAMP_DESCENDING
4635049266128099622|0.0|1627020616747|1669690342640|500|TIMESTAMP_DESCENDING
4635048441494379277|0.0|1627020616747|1669690342640|500|TIMESTAMP_DESCENDING
23363247700711691|0.0|1627020616747|1669690342640|500|TIMESTAMP_DESCENDING
4635330741104809601|0.0|1627020616747|1669690342640|500|TIMESTAMP_DESCENDING
4635329916471088094|0.0|1627020616747|1669690342640|500|TIMESTAMP_DESCENDING
4635331565738537770|0.0|1627020616747|1669690342640|500|TIMESTAMP_DESCENDING
4635331565738533667|0.0|1627020616747|1669690342640|500|TIMESTAMP_DESCENDING
4635331015982718489|0.0|1627020616747|1669690342640|500|TIMESTAMP_DESCENDING
4635331565738532479|0.0|1627020616747|1669690342640|500|TIMESTAMP_DESCENDING
23644172921604822|0.0|1627020616747|1669690342640|500|TIMESTAMP_DESCENDING
4635330466226899992|0.0|1627020616747|1669690342640|500|TIMESTAMP_DESCENDING
4635329916471095510|0.0|1627020616747|1669690342640|500|TIMESTAMP_DESCENDING
4635612490959426902|0.0|1627020616747|1669690342640|500|TIMESTAMP_DESCENDING
23925373020412063|0.0|1627020616747|1669690342640|500|TIMESTAMP_DESCENDING
23925922776225133|0.0|1627020616747|1669690342640|500|TIMESTAMP_DESCENDING
4635611941203611842|0.0|1627020616747|1669690342640|500|TIMESTAMP_DESCENDING
23925373020406076|0.0|1627020616747|1669690342640|500|TIMESTAMP_DESCENDING
23926197654128245|0.0|1627020616747|1669690342640|500|TIMESTAMP_DESCENDING
23925647898316888|0.0|1627020616747|1669690342640|500|TIMESTAMP_DESCENDING
23925922776220127|0.0|1627020616747|1669690342640|500|TIMESTAMP_DESCENDING
4635894240814044671|0.0|1627020616747|1669690342640|500|TIMESTAMP_DESCENDING
4635894790569865310|0.0|1627020616747|1669690342640|500|TIMESTAMP_DESCENDING
4635892866424507523|0.0|1627020616747|1669690342640|500|TIMESTAMP_DESCENDING
4635894790569865739|0.0|1627020616747|1669690342640|500|TIMESTAMP_DESCENDING
4635893141302420046|0.0|1627020616747|1669690342640|500|TIMESTAMP_DESCENDING
4635893691058226349|0.0|1627020616747|1669690342640|500|TIMESTAMP_DESCENDING
4635892866424506766|0.0|1627020616747|1669690342640|500|TIMESTAMP_DESCENDING
24207122875035059|0.0|1627020616747|1669690342640|500|TIMESTAMP_DESCENDING
4635893965936143145|0.0|1627020616747|1669690342640|500|TIMESTAMP_DESCENDING
4635892866424512570|0.0|1627020616747|1669690342640|500|TIMESTAMP_DESCENDING
24206847997122415|0.0|1627020616747|1669690342640|500|TIMESTAMP_DESCENDING
4636174616279132257|0.0|1627020616747|1669690342640|500|TIMESTAMP_DESCENDING
4636175990668661631|0.0|1627020616747|1669690342640|500|TIMESTAMP_DESCENDING
24488872729643277|0.0|1627020616747|1669690342640|500|TIMESTAMP_DESCENDING
24488322973828228|0.0|1627020616747|1669690342640|500|TIMESTAMP_DESCENDING
4636175166034948184|0.0|1627020616747|1669690342640|500|TIMESTAMP_DESCENDING
24488872729643243|0.0|1627020616747|1669690342640|500|TIMESTAMP_DESCENDING
24488322973830662|0.0|1627020616747|1669690342640|500|TIMESTAMP_DESCENDING
24488322973828823|0.0|1627020616747|1669690342640|500|TIMESTAMP_DESCENDING
4636175166034942015|0.0|1627020616747|1669690342640|500|TIMESTAMP_DESCENDING
4636174616279130887|0.0|1627020616747|1669690342640|500|TIMESTAMP_DESCENDING
4636176265546575664|0.0|1627020616747|1669690342640|500|TIMESTAMP_DESCENDING
4636175166034937540|0.0|1627020616747|1669690342640|500|TIMESTAMP_DESCENDING
4636175440912851646|0.0|1627020616747|1669690342640|500|TIMESTAMP_DESCENDING
24489147607548199|0.0|1627020616747|1669690342640|500|TIMESTAMP_DESCENDING
24488322973834294|0.0|1627020616747|1669690342640|500|TIMESTAMP_DESCENDING
4636456091255836424|0.0|1627020616747|1669690342640|500|TIMESTAMP_DESCENDING
4636457190767470289|0.0|1627020616747|1669690342640|500|TIMESTAMP_DESCENDING
4636457740523281164|0.0|1627020616747|1669690342640|500|TIMESTAMP_DESCENDING
4636455816377934525|0.0|1627020616747|1669690342640|500|TIMESTAMP_DESCENDING
4636456915889563227|0.0|1627020616747|1669690342640|500|TIMESTAMP_DESCENDING
24769797950538045|0.0|1627020616747|1669690342640|500|TIMESTAMP_DESCENDING
24769797950547273|0.0|1627020616747|1669690342640|500|TIMESTAMP_DESCENDING
24770072828450174|0.0|1627020616747|1669690342640|500|TIMESTAMP_DESCENDING
4636457465645379424|0.0|1627020616747|1669690342640|500|TIMESTAMP_DESCENDING
24770072828445029|0.0|1627020616747|1669690342640|500|TIMESTAMP_DESCENDING
24770347706358105|0.0|1627020616747|1669690342640|500|TIMESTAMP_DESCENDING
4636457740523279786|0.0|1627020616747|1669690342640|500|TIMESTAMP_DESCENDING
4636455816377937332|0.0|1627020616747|1669690342640|500|TIMESTAMP_DESCENDING
24770072828454240|0.0|1627020616747|1669690342640|500|TIMESTAMP_DESCENDING
4636737566232556074|0.0|1627020616747|1669690342640|500|TIMESTAMP_DESCENDING
4636738940622080131|0.0|1627020616747|1669690342640|500|TIMESTAMP_DESCENDING
25051547805161714|0.0|1627020616747|1669690342640|500|TIMESTAMP_DESCENDING
4636738665744177336|0.0|1627020616747|1669690342640|500|TIMESTAMP_DESCENDING
4637018766331348474|0.0|1627020616747|1669690342640|500|TIMESTAMP_DESCENDING
4637019865842986355|0.0|1627020616747|1669690342640|500|TIMESTAMP_DESCENDING
4637020690476702101|0.0|1627020616747|1669690342640|500|TIMESTAMP_DESCENDING
4637019316087162663|0.0|1627020616747|1669690342640|500|TIMESTAMP_DESCENDING
4637020415598798197|0.0|1627020616747|1669690342640|500|TIMESTAMP_DESCENDING
25615047514396401|0.0|1627020616747|1669690342640|500|TIMESTAMP_DESCENDING
4637300791063883092|0.0|1627020616747|1669690342640|500|TIMESTAMP_DESCENDING
25614772636484175|0.0|1627020616747|1669690342640|500|TIMESTAMP_DESCENDING
4637301065941782340|0.0|1627020616747|1669690342640|500|TIMESTAMP_DESCENDING
4637301340819698063|0.0|1627020616747|1669690342640|500|TIMESTAMP_DESCENDING
4637300791063883791|0.0|1627020616747|1669690342640|500|TIMESTAMP_DESCENDING
4637582266040584626|0.0|1627020616747|1669690342640|500|TIMESTAMP_DESCENDING
25896522491109218|0.0|1627020616747|1669690342640|500|TIMESTAMP_DESCENDING
25895697857385750|0.0|1627020616747|1669690342640|500|TIMESTAMP_DESCENDING
25895972735298928|0.0|1627020616747|1669690342640|500|TIMESTAMP_DESCENDING
4637582266040584677|0.0|1627020616747|1669690342640|500|TIMESTAMP_DESCENDING
4637583365552215311|0.0|1627020616747|1669690342640|500|TIMESTAMP_DESCENDING
4637582266040583193|0.0|1627020616747|1669690342640|500|TIMESTAMP_DESCENDING
4637582266040593561|0.0|1627020616747|1669690342640|500|TIMESTAMP_DESCENDING
4637582266040589119|0.0|1627020616747|1669690342640|500|TIMESTAMP_DESCENDING
4637581991162678798|0.0|1627020616747|1669690342640|500|TIMESTAMP_DESCENDING
25896522491110585|0.0|1627020616747|1669690342640|500|TIMESTAMP_DESCENDING
4637582815796401612|0.0|1627020616747|1669690342640|500|TIMESTAMP_DESCENDING
4637583365552220699|0.0|1627020616747|1669690342640|500|TIMESTAMP_DESCENDING
4637582815796397900|0.0|1627020616747|1669690342640|500|TIMESTAMP_DESCENDING
25896247613196521|0.0|1627020616747|1669690342640|500|TIMESTAMP_DESCENDING
4637582540918495277|0.0|1627020616747|1669690342640|500|TIMESTAMP_DESCENDING
4637864565651019087|0.0|1627020616747|1669690342640|500|TIMESTAMP_DESCENDING
4637864015895209564|0.0|1627020616747|1669690342640|500|TIMESTAMP_DESCENDING
26177447712000199|0.0|1627020616747|1669690342640|500|TIMESTAMP_DESCENDING
26177447712003210|0.0|1627020616747|1669690342640|500|TIMESTAMP_DESCENDING
4637863191261491666|0.0|1627020616747|1669690342640|500|TIMESTAMP_DESCENDING
26177172834093429|0.0|1627020616747|1669690342640|500|TIMESTAMP_DESCENDING
26177172834094357|0.0|1627020616747|1669690342640|500|TIMESTAMP_DESCENDING
4637864015895201984|0.0|1627020616747|1669690342640|500|TIMESTAMP_DESCENDING
4637865115406828759|0.0|1627020616747|1669690342640|500|TIMESTAMP_DESCENDING
26177997467812476|0.0|1627020616747|1669690342640|500|TIMESTAMP_DESCENDING
4638145765749826808|0.0|1627020616747|1669690342640|500|TIMESTAMP_DESCENDING
26458922688717897|0.0|1627020616747|1669690342640|500|TIMESTAMP_DESCENDING
26459197566623600|0.0|1627020616747|1669690342640|500|TIMESTAMP_DESCENDING
26459197566623518|0.0|1627020616747|1669690342640|500|TIMESTAMP_DESCENDING
4638146590383550513|0.0|1627020616747|1669690342640|500|TIMESTAMP_DESCENDING
4638146590383543793|0.0|1627020616747|1669690342640|500|TIMESTAMP_DESCENDING
4638146040627726708|0.0|1627020616747|1669690342640|500|TIMESTAMP_DESCENDING
26459472444527118|0.0|1627020616747|1669690342640|500|TIMESTAMP_DESCENDING
26459472444526301|0.0|1627020616747|1669690342640|500|TIMESTAMP_DESCENDING
26459197566623676|0.0|1627020616747|1669690342640|500|TIMESTAMP_DESCENDING
26458647810813491|0.0|1627020616747|1669690342640|500|TIMESTAMP_DESCENDING
26459472444530131|0.0|1627020616747|1669690342640|500|TIMESTAMP_DESCENDING
4638146315505641585|0.0|1627020616747|1669690342640|500|TIMESTAMP_DESCENDING
4638144941116102733|0.0|1627020616747|1669690342640|500|TIMESTAMP_DESCENDING
26740122787517409|0.0|1627020616747|1669690342640|500|TIMESTAMP_DESCENDING
4638427790482350263|0.0|1627020616747|1669690342640|500|TIMESTAMP_DESCENDING
26740672543328948|0.0|1627020616747|1669690342640|500|TIMESTAMP_DESCENDING
4638426965848633284|0.0|1627020616747|1669690342640|500|TIMESTAMP_DESCENDING
4638426965848623209|0.0|1627020616747|1669690342640|500|TIMESTAMP_DESCENDING
4638428065360251400|0.0|1627020616747|1669690342640|500|TIMESTAMP_DESCENDING
4638427240726540056|0.0|1627020616747|1669690342640|500|TIMESTAMP_DESCENDING
4638427240726536272|0.0|1627020616747|1669690342640|500|TIMESTAMP_DESCENDING
4638426416092817259|0.0|1627020616747|1669690342640|500|TIMESTAMP_DESCENDING
26740397665425879|0.0|1627020616747|1669690342640|500|TIMESTAMP_DESCENDING
4638427515604440442|0.0|1627020616747|1669690342640|500|TIMESTAMP_DESCENDING
26740397665425892|0.0|1627020616747|1669690342640|500|TIMESTAMP_DESCENDING
26740672543339241|0.0|1627020616747|1669690342640|500|TIMESTAMP_DESCENDING
27022147520038878|0.0|1627020616747|1669690342640|500|TIMESTAMP_DESCENDING
27022422397953000|0.0|1627020616747|1669690342640|500|TIMESTAMP_DESCENDING
4638708165947427945|0.0|1627020616747|1669690342640|500|TIMESTAMP_DESCENDING
27021597764227570|0.0|1627020616747|1669690342640|500|TIMESTAMP_DESCENDING
4638707616191616883|0.0|1627020616747|1669690342640|500|TIMESTAMP_DESCENDING
4638708990581153014|0.0|1627020616747|1669690342640|500|TIMESTAMP_DESCENDING
4638707891069527678|0.0|1627020616747|1669690342640|500|TIMESTAMP_DESCENDING
4638707616191623315|0.0|1627020616747|1669690342640|500|TIMESTAMP_DESCENDING
27021597764223200|0.0|1627020616747|1669690342640|500|TIMESTAMP_DESCENDING
4638990740435766263|0.0|1627020616747|1669690342640|500|TIMESTAMP_DESCENDING
4638989366046238692|0.0|1627020616747|1669690342640|500|TIMESTAMP_DESCENDING
4638989640924141573|0.0|1627020616747|1669690342640|500|TIMESTAMP_DESCENDING
4638989091168333796|0.0|1627020616747|1669690342640|500|TIMESTAMP_DESCENDING
4638989366046229554|0.0|1627020616747|1669690342640|500|TIMESTAMP_DESCENDING
4638989915802047445|0.0|1627020616747|1669690342640|500|TIMESTAMP_DESCENDING
4638989091168325818|0.0|1627020616747|1669690342640|500|TIMESTAMP_DESCENDING
27303072740939900|0.0|1627020616747|1669690342640|500|TIMESTAMP_DESCENDING
4638990190679952702|0.0|1627020616747|1669690342640|500|TIMESTAMP_DESCENDING
4638991015313674901|0.0|1627020616747|1669690342640|500|TIMESTAMP_DESCENDING
4639270566145036077|0.0|1627020616747|1669690342640|500|TIMESTAMP_DESCENDING
27585372351368646|0.0|1627020616747|1669690342640|500|TIMESTAMP_DESCENDING
27585097473461162|0.0|1627020616747|1669690342640|500|TIMESTAMP_DESCENDING
4639270841022948993|0.0|1627020616747|1669690342640|500|TIMESTAMP_DESCENDING
27584822595553480|0.0|1627020616747|1669690342640|500|TIMESTAMP_DESCENDING
4639271115900851582|0.0|1627020616747|1669690342640|500|TIMESTAMP_DESCENDING
4639270841022948105|0.0|1627020616747|1669690342640|500|TIMESTAMP_DESCENDING
4639272490290382149|0.0|1627020616747|1669690342640|500|TIMESTAMP_DESCENDING
4639270566145038652|0.0|1627020616747|1669690342640|500|TIMESTAMP_DESCENDING
4639271665656669720|0.0|1627020616747|1669690342640|500|TIMESTAMP_DESCENDING
4639271390778759468|0.0|1627020616747|1669690342640|500|TIMESTAMP_DESCENDING
27866297572263931|0.0|1627020616747|1669690342640|500|TIMESTAMP_DESCENDING
4639552041121752730|0.0|1627020616747|1669690342640|500|TIMESTAMP_DESCENDING
4639553965267094154|0.0|1627020616747|1669690342640|500|TIMESTAMP_DESCENDING
4639552315999654625|0.0|1627020616747|1669690342640|500|TIMESTAMP_DESCENDING
27866022694363564|0.0|1627020616747|1669690342640|500|TIMESTAMP_DESCENDING
27866572450169913|0.0|1627020616747|1669690342640|500|TIMESTAMP_DESCENDING
27866572450176882|0.0|1627020616747|1669690342640|500|TIMESTAMP_DESCENDING
4639552865755470665|0.0|1627020616747|1669690342640|500|TIMESTAMP_DESCENDING
4639835440243809092|0.0|1627020616747|1669690342640|500|TIMESTAMP_DESCENDING
28147772548983953|0.0|1627020616747|1669690342640|500|TIMESTAMP_DESCENDING
28147772548983754|0.0|1627020616747|1669690342640|500|TIMESTAMP_DESCENDING
4639834340732176510|0.0|1627020616747|1669690342640|500|TIMESTAMP_DESCENDING
4639833516098455536|0.0|1627020616747|1669690342640|500|TIMESTAMP_DESCENDING
4639834890487999064|0.0|1627020616747|1669690342640|500|TIMESTAMP_DESCENDING
4639834340732175679|0.0|1627020616747|1669690342640|500|TIMESTAMP_DESCENDING
4639835165365900577|0.0|1627020616747|1669690342640|500|TIMESTAMP_DESCENDING
4639834065854280490|0.0|1627020616747|1669690342640|500|TIMESTAMP_DESCENDING
28148322304787763|0.0|1627020616747|1669690342640|500|TIMESTAMP_DESCENDING
28148047426882303|0.0|1627020616747|1669690342640|500|TIMESTAMP_DESCENDING
4639834340732178784|0.0|1627020616747|1669690342640|500|TIMESTAMP_DESCENDING
4640114991075169304|0.0|1627020616747|1669690342640|500|TIMESTAMP_DESCENDING
28429522403603380|0.0|1627020616747|1669690342640|500|TIMESTAMP_DESCENDING
28429522403594362|0.0|1627020616747|1669690342640|500|TIMESTAMP_DESCENDING
4640116640342606547|0.0|1627020616747|1669690342640|500|TIMESTAMP_DESCENDING
28429797281502720|0.0|1627020616747|1669690342640|500|TIMESTAMP_DESCENDING
28429522403602714|0.0|1627020616747|1669690342640|500|TIMESTAMP_DESCENDING
28429522403602944|0.0|1627020616747|1669690342640|500|TIMESTAMP_DESCENDING
28429797281497785|0.0|1627020616747|1669690342640|500|TIMESTAMP_DESCENDING
4640115540830990356|0.0|1627020616747|1669690342640|500|TIMESTAMP_DESCENDING
4640115540830989677|0.0|1627020616747|1669690342640|500|TIMESTAMP_DESCENDING
4640115540830988861|0.0|1627020616747|1669690342640|500|TIMESTAMP_DESCENDING
4640115540830991498|0.0|1627020616747|1669690342640|500|TIMESTAMP_DESCENDING
4640114991075168583|0.0|1627020616747|1669690342640|500|TIMESTAMP_DESCENDING
4640116090586804517|0.0|1627020616747|1669690342640|500|TIMESTAMP_DESCENDING
4640116090586798045|0.0|1627020616747|1669690342640|500|TIMESTAMP_DESCENDING
4640116640342605890|0.0|1627020616747|1669690342640|500|TIMESTAMP_DESCENDING
28711272258208052|0.0|1627020616747|1669690342640|500|TIMESTAMP_DESCENDING
4640397840441412065|0.0|1627020616747|1669690342640|500|TIMESTAMP_DESCENDING
28710447624493949|0.0|1627020616747|1669690342640|500|TIMESTAMP_DESCENDING
4640397565563506329|0.0|1627020616747|1669690342640|500|TIMESTAMP_DESCENDING
4640397290685607245|0.0|1627020616747|1669690342640|500|TIMESTAMP_DESCENDING
4640396466051878114|0.0|1627020616747|1669690342640|500|TIMESTAMP_DESCENDING
28710997380308651|0.0|1627020616747|1669690342640|500|TIMESTAMP_DESCENDING
4640397565563510829|0.0|1627020616747|1669690342640|500|TIMESTAMP_DESCENDING
4640397840441410184|0.0|1627020616747|1669690342640|500|TIMESTAMP_DESCENDING
4640396740929793190|0.0|1627020616747|1669690342640|500|TIMESTAMP_DESCENDING
28992472357022465|0.0|1627020616747|1669690342640|500|TIMESTAMP_DESCENDING
4640678215906497959|0.0|1627020616747|1669690342640|500|TIMESTAMP_DESCENDING
4640679315418129417|0.0|1627020616747|1669690342640|500|TIMESTAMP_DESCENDING
4640679590296030626|0.0|1627020616747|1669690342640|500|TIMESTAMP_DESCENDING
28992197479111375|0.0|1627020616747|1669690342640|500|TIMESTAMP_DESCENDING
4640678215906505573|0.0|1627020616747|1669690342640|500|TIMESTAMP_DESCENDING
29273397577911541|0.0|1627020616747|1669690342640|500|TIMESTAMP_DESCENDING
4640960240639026996|0.0|1627020616747|1669690342640|500|TIMESTAMP_DESCENDING
29274222211632663|0.0|1627020616747|1669690342640|500|TIMESTAMP_DESCENDING
4640960790394839695|0.0|1627020616747|1669690342640|500|TIMESTAMP_DESCENDING
29274222211641713|0.0|1627020616747|1669690342640|500|TIMESTAMP_DESCENDING
4640961065272746416|0.0|1627020616747|1669690342640|500|TIMESTAMP_DESCENDING
4640961065272745486|0.0|1627020616747|1669690342640|500|TIMESTAMP_DESCENDING
29274222211632000|0.0|1627020616747|1669690342640|500|TIMESTAMP_DESCENDING
4640959690883207100|0.0|1627020616747|1669690342640|500|TIMESTAMP_DESCENDING
29273947333724769|0.0|1627020616747|1669690342640|500|TIMESTAMP_DESCENDING
4640959965761111381|0.0|1627020616747|1669690342640|500|TIMESTAMP_DESCENDING
4640960790394838133|0.0|1627020616747|1669690342640|500|TIMESTAMP_DESCENDING
4640961065272739968|0.0|1627020616747|1669690342640|500|TIMESTAMP_DESCENDING
4640961340150650671|0.0|1627020616747|1669690342640|500|TIMESTAMP_DESCENDING
4640959690883203943|0.0|1627020616747|1669690342640|500|TIMESTAMP_DESCENDING
4640961340150648867|0.0|1627020616747|1669690342640|500|TIMESTAMP_DESCENDING
4641242540249460219|0.0|1627020616747|1669690342640|500|TIMESTAMP_DESCENDING
4641241440737823954|0.0|1627020616747|1669690342640|500|TIMESTAMP_DESCENDING
29554872554625115|0.0|1627020616747|1669690342640|500|TIMESTAMP_DESCENDING
4641241440737832815|0.0|1627020616747|1669690342640|500|TIMESTAMP_DESCENDING
4641241990493642439|0.0|1627020616747|1669690342640|500|TIMESTAMP_DESCENDING
4641242540249450828|0.0|1627020616747|1669690342640|500|TIMESTAMP_DESCENDING
29555422310444159|0.0|1627020616747|1669690342640|500|TIMESTAMP_DESCENDING
4641523465470351053|0.0|1627020616747|1669690342640|500|TIMESTAMP_DESCENDING
4641523740348256792|0.0|1627020616747|1669690342640|500|TIMESTAMP_DESCENDING
29836897287151967|0.0|1627020616747|1669690342640|500|TIMESTAMP_DESCENDING
4641524290104073658|0.0|1627020616747|1669690342640|500|TIMESTAMP_DESCENDING
4641522640836628894|0.0|1627020616747|1669690342640|500|TIMESTAMP_DESCENDING
4641523190592450613|0.0|1627020616747|1669690342640|500|TIMESTAMP_DESCENDING
4641523465470353451|0.0|1627020616747|1669690342640|500|TIMESTAMP_DESCENDING
29836347531331286|0.0|1627020616747|1669690342640|500|TIMESTAMP_DESCENDING
4641523740348260719|0.0|1627020616747|1669690342640|500|TIMESTAMP_DESCENDING
4641523740348261668|0.0|1627020616747|1669690342640|500|TIMESTAMP_DESCENDING
29837172165060699|0.0|1627020616747|1669690342640|500|TIMESTAMP_DESCENDING
4641524015226168987|0.0|1627020616747|1669690342640|500|TIMESTAMP_DESCENDING
29836622409249543|0.0|1627020616747|1669690342640|500|TIMESTAMP_DESCENDING
30117822508050303|0.0|1627020616747|1669690342640|500|TIMESTAMP_DESCENDING
30118097385951858|0.0|1627020616747|1669690342640|500|TIMESTAMP_DESCENDING
4641804390691245098|0.0|1627020616747|1669690342640|500|TIMESTAMP_DESCENDING
4641803840935429044|0.0|1627020616747|1669690342640|500|TIMESTAMP_DESCENDING
4641804390691242890|0.0|1627020616747|1669690342640|500|TIMESTAMP_DESCENDING
30118647141769163|0.0|1627020616747|1669690342640|500|TIMESTAMP_DESCENDING
4641805215324966741|0.0|1627020616747|1669690342640|500|TIMESTAMP_DESCENDING
30118647141765740|0.0|1627020616747|1669690342640|500|TIMESTAMP_DESCENDING
30118097385952217|0.0|1627020616747|1669690342640|500|TIMESTAMP_DESCENDING
4641805765080787094|0.0|1627020616747|1669690342640|500|TIMESTAMP_DESCENDING
30118372263865973|0.0|1627020616747|1669690342640|500|TIMESTAMP_DESCENDING
4642085590790056998|0.0|1627020616747|1669690342640|500|TIMESTAMP_DESCENDING
4642086965179585270|0.0|1627020616747|1669690342640|500|TIMESTAMP_DESCENDING
4642086965179587028|0.0|1627020616747|1669690342640|500|TIMESTAMP_DESCENDING
4642085865667965408|0.0|1627020616747|1669690342640|500|TIMESTAMP_DESCENDING
4642086690301674201|0.0|1627020616747|1669690342640|500|TIMESTAMP_DESCENDING
4642087240057493027|0.0|1627020616747|1669690342640|500|TIMESTAMP_DESCENDING
4642087240057499722|0.0|1627020616747|1669690342640|500|TIMESTAMP_DESCENDING
4642367890400478687|0.0|1627020616747|1669690342640|500|TIMESTAMP_DESCENDING
4642368715034210999|0.0|1627020616747|1669690342640|500|TIMESTAMP_DESCENDING
4642366790888855410|0.0|1627020616747|1669690342640|500|TIMESTAMP_DESCENDING
4642367340644670524|0.0|1627020616747|1669690342640|500|TIMESTAMP_DESCENDING
4642367065766760657|0.0|1627020616747|1669690342640|500|TIMESTAMP_DESCENDING
4642367340644663717|0.0|1627020616747|1669690342640|500|TIMESTAMP_DESCENDING
30681597095186902|0.0|1627020616747|1669690342640|500|TIMESTAMP_DESCENDING
4642368715034208331|0.0|1627020616747|1669690342640|500|TIMESTAMP_DESCENDING
4642368440156294245|0.0|1627020616747|1669690342640|500|TIMESTAMP_DESCENDING
30681322217276381|0.0|1627020616747|1669690342640|500|TIMESTAMP_DESCENDING
4642367615522576090|0.0|1627020616747|1669690342640|500|TIMESTAMP_DESCENDING
4642368440156301005|0.0|1627020616747|1669690342640|500|TIMESTAMP_DESCENDING
30681597095189340|0.0|1627020616747|1669690342640|500|TIMESTAMP_DESCENDING
4642368165278389539|0.0|1627020616747|1669690342640|500|TIMESTAMP_DESCENDING
4642368715034210417|0.0|1627020616747|1669690342640|500|TIMESTAMP_DESCENDING
4642367615522576160|0.0|1627020616747|1669690342640|500|TIMESTAMP_DESCENDING
30681322217280585|0.0|1627020616747|1669690342640|500|TIMESTAMP_DESCENDING
4642367340644673500|0.0|1627020616747|1669690342640|500|TIMESTAMP_DESCENDING
30681597095191602|0.0|1627020616747|1669690342640|500|TIMESTAMP_DESCENDING
4642367065766760804|0.0|1627020616747|1669690342640|500|TIMESTAMP_DESCENDING
30681322217277769|0.0|1627020616747|1669690342640|500|TIMESTAMP_DESCENDING
30681322217287162|0.0|1627020616747|1669690342640|500|TIMESTAMP_DESCENDING
30681597095193442|0.0|1627020616747|1669690342640|500|TIMESTAMP_DESCENDING
30680772461466011|0.0|1627020616747|1669690342640|500|TIMESTAMP_DESCENDING
30681322217286950|0.0|1627020616747|1669690342640|500|TIMESTAMP_DESCENDING
30681322217286110|0.0|1627020616747|1669690342640|500|TIMESTAMP_DESCENDING
4642649640255102995|0.0|1627020616747|1669690342640|500|TIMESTAMP_DESCENDING
4642649365377191189|0.0|1627020616747|1669690342640|500|TIMESTAMP_DESCENDING
30962522316079751|0.0|1627020616747|1669690342640|500|TIMESTAMP_DESCENDING
4642648265865570970|0.0|1627020616747|1669690342640|500|TIMESTAMP_DESCENDING
4642648540743472644|0.0|1627020616747|1669690342640|500|TIMESTAMP_DESCENDING
30962522316080652|0.0|1627020616747|1669690342640|500|TIMESTAMP_DESCENDING
4642648815621385518|0.0|1627020616747|1669690342640|500|TIMESTAMP_DESCENDING
4642648265865566276|0.0|1627020616747|1669690342640|500|TIMESTAMP_DESCENDING
31244547048615452|0.0|1627020616747|1669690342640|500|TIMESTAMP_DESCENDING
31243997292796252|0.0|1627020616747|1669690342640|500|TIMESTAMP_DESCENDING
4642930015720188897|0.0|1627020616747|1669690342640|500|TIMESTAMP_DESCENDING
4642931115231807636|0.0|1627020616747|1669690342640|500|TIMESTAMP_DESCENDING
4642930015720184290|0.0|1627020616747|1669690342640|500|TIMESTAMP_DESCENDING
31243997292793071|0.0|1627020616747|1669690342640|500|TIMESTAMP_DESCENDING
4642930565475992500|0.0|1627020616747|1669690342640|500|TIMESTAMP_DESCENDING
4642930840353902071|0.0|1627020616747|1669690342640|500|TIMESTAMP_DESCENDING
4642930015720184673|0.0|1627020616747|1669690342640|500|TIMESTAMP_DESCENDING
4642931390109724208|0.0|1627020616747|1669690342640|500|TIMESTAMP_DESCENDING
31244272170702894|0.0|1627020616747|1669690342640|500|TIMESTAMP_DESCENDING
31243997292793805|0.0|1627020616747|1669690342640|500|TIMESTAMP_DESCENDING
4642929740842275823|0.0|1627020616747|1669690342640|500|TIMESTAMP_DESCENDING
31243997292793973|0.0|1627020616747|1669690342640|500|TIMESTAMP_DESCENDING
31243722414893557|0.0|1627020616747|1669690342640|500|TIMESTAMP_DESCENDING
31244547048610437|0.0|1627020616747|1669690342640|500|TIMESTAMP_DESCENDING
4642931390109717432|0.0|1627020616747|1669690342640|500|TIMESTAMP_DESCENDING
4642930565475993283|0.0|1627020616747|1669690342640|500|TIMESTAMP_DESCENDING
31244272170704474|0.0|1627020616747|1669690342640|500|TIMESTAMP_DESCENDING
31244272170708468|0.0|1627020616747|1669690342640|500|TIMESTAMP_DESCENDING
31244547048613098|0.0|1627020616747|1669690342640|500|TIMESTAMP_DESCENDING
4643212865086426462|0.0|1627020616747|1669690342640|500|TIMESTAMP_DESCENDING
31526022025323658|0.0|1627020616747|1669690342640|500|TIMESTAMP_DESCENDING
31525472269508834|0.0|1627020616747|1669690342640|500|TIMESTAMP_DESCENDING
4643212590208517793|0.0|1627020616747|1669690342640|500|TIMESTAMP_DESCENDING
31525472269506185|0.0|1627020616747|1669690342640|500|TIMESTAMP_DESCENDING
31526022025320035|0.0|1627020616747|1669690342640|500|TIMESTAMP_DESCENDING
4643211490696893898|0.0|1627020616747|1669690342640|500|TIMESTAMP_DESCENDING
4643211215818983656|0.0|1627020616747|1669690342640|500|TIMESTAMP_DESCENDING
4643213139964341391|0.0|1627020616747|1669690342640|500|TIMESTAMP_DESCENDING
4643212865086424843|0.0|1627020616747|1669690342640|500|TIMESTAMP_DESCENDING
4643212590208524340|0.0|1627020616747|1669690342640|500|TIMESTAMP_DESCENDING
4643493515429414467|0.0|1627020616747|1669690342640|500|TIMESTAMP_DESCENDING
4643493515429413543|0.0|1627020616747|1669690342640|500|TIMESTAMP_DESCENDING
31807222124120553|0.0|1627020616747|1669690342640|500|TIMESTAMP_DESCENDING
31807222124119461|0.0|1627020616747|1669690342640|500|TIMESTAMP_DESCENDING
4643492965673601124|0.0|1627020616747|1669690342640|500|TIMESTAMP_DESCENDING
31806947246219237|0.0|1627020616747|1669690342640|500|TIMESTAMP_DESCENDING
4643494065185239134|0.0|1627020616747|1669690342640|500|TIMESTAMP_DESCENDING
4643494065185230194|0.0|1627020616747|1669690342640|500|TIMESTAMP_DESCENDING
4643493515429417062|0.0|1627020616747|1669690342640|500|TIMESTAMP_DESCENDING
4643494340063137283|0.0|1627020616747|1669690342640|500|TIMESTAMP_DESCENDING
31807222124127570|0.0|1627020616747|1669690342640|500|TIMESTAMP_DESCENDING
4643775540161941325|0.0|1627020616747|1669690342640|500|TIMESTAMP_DESCENDING
4643775265284042889|0.0|1627020616747|1669690342640|500|TIMESTAMP_DESCENDING
4643775815039848132|0.0|1627020616747|1669690342640|500|TIMESTAMP_DESCENDING
4643776089917755374|0.0|1627020616747|1669690342640|500|TIMESTAMP_DESCENDING
4643775265284041702|0.0|1627020616747|1669690342640|500|TIMESTAMP_DESCENDING
32088971978735684|0.0|1627020616747|1669690342640|500|TIMESTAMP_DESCENDING
32088971978740151|0.0|1627020616747|1669690342640|500|TIMESTAMP_DESCENDING
4643775815039856208|0.0|1627020616747|1669690342640|500|TIMESTAMP_DESCENDING
4643775815039845950|0.0|1627020616747|1669690342640|500|TIMESTAMP_DESCENDING
32088971978741577|0.0|1627020616747|1669690342640|500|TIMESTAMP_DESCENDING
4643774715528224320|0.0|1627020616747|1669690342640|500|TIMESTAMP_DESCENDING
32370172077540492|0.0|1627020616747|1669690342640|500|TIMESTAMP_DESCENDING
4644056740260751097|0.0|1627020616747|1669690342640|500|TIMESTAMP_DESCENDING
4644055915627029165|0.0|1627020616747|1669690342640|500|TIMESTAMP_DESCENDING
32370446955446504|0.0|1627020616747|1669690342640|500|TIMESTAMP_DESCENDING
4644057564894463234|0.0|1627020616747|1669690342640|500|TIMESTAMP_DESCENDING
4644055915627021216|0.0|1627020616747|1669690342640|500|TIMESTAMP_DESCENDING
4644056465382839476|0.0|1627020616747|1669690342640|500|TIMESTAMP_DESCENDING
4644057015138648743|0.0|1627020616747|1669690342640|500|TIMESTAMP_DESCENDING
4644056465382835056|0.0|1627020616747|1669690342640|500|TIMESTAMP_DESCENDING
4644057290016563643|0.0|1627020616747|1669690342640|500|TIMESTAMP_DESCENDING
4644056190504928278|0.0|1627020616747|1669690342640|500|TIMESTAMP_DESCENDING
4644056465382842182|0.0|1627020616747|1669690342640|500|TIMESTAMP_DESCENDING
4644055915627027589|0.0|1627020616747|1669690342640|500|TIMESTAMP_DESCENDING
4644055640749117411|0.0|1627020616747|1669690342640|500|TIMESTAMP_DESCENDING
4644337390603738483|0.0|1627020616747|1669690342640|500|TIMESTAMP_DESCENDING
4644337665481649938|0.0|1627020616747|1669690342640|500|TIMESTAMP_DESCENDING
4644339039871180127|0.0|1627020616747|1669690342640|500|TIMESTAMP_DESCENDING
4644338490115362776|0.0|1627020616747|1669690342640|500|TIMESTAMP_DESCENDING
4644339039871175420|0.0|1627020616747|1669690342640|500|TIMESTAMP_DESCENDING
32651372176349960|0.0|1627020616747|1669690342640|500|TIMESTAMP_DESCENDING
32651097298443568|0.0|1627020616747|1669690342640|500|TIMESTAMP_DESCENDING
4644337390603731791|0.0|1627020616747|1669690342640|500|TIMESTAMP_DESCENDING
32651647054252156|0.0|1627020616747|1669690342640|500|TIMESTAMP_DESCENDING
4644620239969980072|0.0|1627020616747|1669690342640|500|TIMESTAMP_DESCENDING
32933122030963985|0.0|1627020616747|1669690342640|500|TIMESTAMP_DESCENDING
32933396908876414|0.0|1627020616747|1669690342640|500|TIMESTAMP_DESCENDING
4644620239969988146|0.0|1627020616747|1669690342640|500|TIMESTAMP_DESCENDING
4644619965092080923|0.0|1627020616747|1669690342640|500|TIMESTAMP_DESCENDING
32932847153065379|0.0|1627020616747|1669690342640|500|TIMESTAMP_DESCENDING
4644619415336259750|0.0|1627020616747|1669690342640|500|TIMESTAMP_DESCENDING
32933122030964126|0.0|1627020616747|1669690342640|500|TIMESTAMP_DESCENDING
4644619415336263245|0.0|1627020616747|1669690342640|500|TIMESTAMP_DESCENDING
4644619140458352822|0.0|1627020616747|1669690342640|500|TIMESTAMP_DESCENDING
4644901989824600210|0.0|1627020616747|1669690342640|500|TIMESTAMP_DESCENDING
4644900340557158676|0.0|1627020616747|1669690342640|500|TIMESTAMP_DESCENDING
4644900065679254700|0.0|1627020616747|1669690342640|500|TIMESTAMP_DESCENDING
33214597007680859|0.0|1627020616747|1669690342640|500|TIMESTAMP_DESCENDING
4644901440068786149|0.0|1627020616747|1669690342640|500|TIMESTAMP_DESCENDING
4644901989824597250|0.0|1627020616747|1669690342640|500|TIMESTAMP_DESCENDING
33214322129769832|0.0|1627020616747|1669690342640|500|TIMESTAMP_DESCENDING
4644901440068784582|0.0|1627020616747|1669690342640|500|TIMESTAMP_DESCENDING
4644901714946692994|0.0|1627020616747|1669690342640|500|TIMESTAMP_DESCENDING
4644901989824601353|0.0|1627020616747|1669690342640|500|TIMESTAMP_DESCENDING
4644901989824602536|0.0|1627020616747|1669690342640|500|TIMESTAMP_DESCENDING
4644901989824604231|0.0|1627020616747|1669690342640|500|TIMESTAMP_DESCENDING
4645181540655958413|0.0|1627020616747|1669690342640|500|TIMESTAMP_DESCENDING
33495797106483507|0.0|1627020616747|1669690342640|500|TIMESTAMP_DESCENDING
4645183464801308933|0.0|1627020616747|1669690342640|500|TIMESTAMP_DESCENDING
33496071984385221|0.0|1627020616747|1669690342640|500|TIMESTAMP_DESCENDING
4645181540655959052|0.0|1627020616747|1669690342640|500|TIMESTAMP_DESCENDING
4645182915045500758|0.0|1627020616747|1669690342640|500|TIMESTAMP_DESCENDING
4645183189923410266|0.0|1627020616747|1669690342640|500|TIMESTAMP_DESCENDING
33495522228576758|0.0|1627020616747|1669690342640|500|TIMESTAMP_DESCENDING
33496071984390754|0.0|1627020616747|1669690342640|500|TIMESTAMP_DESCENDING
4645181540655959265|0.0|1627020616747|1669690342640|500|TIMESTAMP_DESCENDING
4645182365289678163|0.0|1627020616747|1669690342640|500|TIMESTAMP_DESCENDING
33495797106485173|0.0|1627020616747|1669690342640|500|TIMESTAMP_DESCENDING
4645181815533864257|0.0|1627020616747|1669690342640|500|TIMESTAMP_DESCENDING
4645182915045502884|0.0|1627020616747|1669690342640|500|TIMESTAMP_DESCENDING
33496346862299821|0.0|1627020616747|1669690342640|500|TIMESTAMP_DESCENDING
33495797106475204|0.0|1627020616747|1669690342640|500|TIMESTAMP_DESCENDING
4645182090411780626|0.0|1627020616747|1669690342640|500|TIMESTAMP_DESCENDING
33495522228581326|0.0|1627020616747|1669690342640|500|TIMESTAMP_DESCENDING
33777272083188817|0.0|1627020616747|1669690342640|500|TIMESTAMP_DESCENDING
4645463015632668965|0.0|1627020616747|1669690342640|500|TIMESTAMP_DESCENDING
4645464664900120608|0.0|1627020616747|1669690342640|500|TIMESTAMP_DESCENDING
4645463015632675269|0.0|1627020616747|1669690342640|500|TIMESTAMP_DESCENDING
4645463840266394453|0.0|1627020616747|1669690342640|500|TIMESTAMP_DESCENDING
33777546961104451|0.0|1627020616747|1669690342640|500|TIMESTAMP_DESCENDING
4645464390022214257|0.0|1627020616747|1669690342640|500|TIMESTAMP_DESCENDING
4645463290510582492|0.0|1627020616747|1669690342640|500|TIMESTAMP_DESCENDING
4645464664900109885|0.0|1627020616747|1669690342640|500|TIMESTAMP_DESCENDING
33777546961105497|0.0|1627020616747|1669690342640|500|TIMESTAMP_DESCENDING
4645463840266390381|0.0|1627020616747|1669690342640|500|TIMESTAMP_DESCENDING
4645464939778023004|0.0|1627020616747|1669690342640|500|TIMESTAMP_DESCENDING
33777821839008952|0.0|1627020616747|1669690342640|500|TIMESTAMP_DESCENDING
4645463565388487949|0.0|1627020616747|1669690342640|500|TIMESTAMP_DESCENDING
33777546961098466|0.0|1627020616747|1669690342640|500|TIMESTAMP_DESCENDING
4645463565388486077|0.0|1627020616747|1669690342640|500|TIMESTAMP_DESCENDING
34058472181991795|0.0|1627020616747|1669690342640|500|TIMESTAMP_DESCENDING
34059021937810890|0.0|1627020616747|1669690342640|500|TIMESTAMP_DESCENDING
4645744765487294080|0.0|1627020616747|1669690342640|500|TIMESTAMP_DESCENDING
4645746414754736751|0.0|1627020616747|1669690342640|500|TIMESTAMP_DESCENDING
4645745315243098266|0.0|1627020616747|1669690342640|500|TIMESTAMP_DESCENDING
4645744765487290747|0.0|1627020616747|1669690342640|500|TIMESTAMP_DESCENDING
4645745040365196622|0.0|1627020616747|1669690342640|500|TIMESTAMP_DESCENDING
34058747059909405|0.0|1627020616747|1669690342640|500|TIMESTAMP_DESCENDING
4646026240464004209|0.0|1627020616747|1669690342640|500|TIMESTAMP_DESCENDING
34340496914516543|0.0|1627020616747|1669690342640|500|TIMESTAMP_DESCENDING
34340222036619716|0.0|1627020616747|1669690342640|500|TIMESTAMP_DESCENDING
34340771792423121|0.0|1627020616747|1669690342640|500|TIMESTAMP_DESCENDING
4646026240463998741|0.0|1627020616747|1669690342640|500|TIMESTAMP_DESCENDING
34339947158701597|0.0|1627020616747|1669690342640|500|TIMESTAMP_DESCENDING
4646026240463995759|0.0|1627020616747|1669690342640|500|TIMESTAMP_DESCENDING
34339947158700542|0.0|1627020616747|1669690342640|500|TIMESTAMP_DESCENDING
4646025965586091115|0.0|1627020616747|1669690342640|500|TIMESTAMP_DESCENDING
4646027889731447575|0.0|1627020616747|1669690342640|500|TIMESTAMP_DESCENDING
4646027614853534105|0.0|1627020616747|1669690342640|500|TIMESTAMP_DESCENDING
4646025965586094659|0.0|1627020616747|1669690342640|500|TIMESTAMP_DESCENDING
4646027614853536549|0.0|1627020616747|1669690342640|500|TIMESTAMP_DESCENDING
4646026240464006449|0.0|1627020616747|1669690342640|500|TIMESTAMP_DESCENDING
4646027065097719999|0.0|1627020616747|1669690342640|500|TIMESTAMP_DESCENDING
4646025965586092686|0.0|1627020616747|1669690342640|500|TIMESTAMP_DESCENDING
4646025965586098817|0.0|1627020616747|1669690342640|500|TIMESTAMP_DESCENDING
4646027065097723961|0.0|1627020616747|1669690342640|500|TIMESTAMP_DESCENDING
4646309364708148298|0.0|1627020616747|1669690342640|500|TIMESTAMP_DESCENDING
4646309089830246830|0.0|1627020616747|1669690342640|500|TIMESTAMP_DESCENDING
4646308265196520876|0.0|1627020616747|1669690342640|500|TIMESTAMP_DESCENDING
4646308540074438315|0.0|1627020616747|1669690342640|500|TIMESTAMP_DESCENDING
34621971891236740|0.0|1627020616747|1669690342640|500|TIMESTAMP_DESCENDING
4646309089830247190|0.0|1627020616747|1669690342640|500|TIMESTAMP_DESCENDING
34621422135416376|0.0|1627020616747|1669690342640|500|TIMESTAMP_DESCENDING
34621697013329862|0.0|1627020616747|1669690342640|500|TIMESTAMP_DESCENDING
34621971891236191|0.0|1627020616747|1669690342640|500|TIMESTAMP_DESCENDING
34621697013324847|0.0|1627020616747|1669690342640|500|TIMESTAMP_DESCENDING
34903171990032843|0.0|1627020616747|1669690342640|500|TIMESTAMP_DESCENDING
4646589740173238559|0.0|1627020616747|1669690342640|500|TIMESTAMP_DESCENDING
4646589190417429223|0.0|1627020616747|1669690342640|500|TIMESTAMP_DESCENDING
4646589740173239612|0.0|1627020616747|1669690342640|500|TIMESTAMP_DESCENDING
34902897112129063|0.0|1627020616747|1669690342640|500|TIMESTAMP_DESCENDING
4646590289929047883|0.0|1627020616747|1669690342640|500|TIMESTAMP_DESCENDING
4646589465295336233|0.0|1627020616747|1669690342640|500|TIMESTAMP_DESCENDING
34902897112128494|0.0|1627020616747|1669690342640|500|TIMESTAMP_DESCENDING
4646590015051149600|0.0|1627020616747|1669690342640|500|TIMESTAMP_DESCENDING
4646590564806957792|0.0|1627020616747|1669690342640|500|TIMESTAMP_DESCENDING
4646589465295334370|0.0|1627020616747|1669690342640|500|TIMESTAMP_DESCENDING
4646590015051140857|0.0|1627020616747|1669690342640|500|TIMESTAMP_DESCENDING
4646590839684870853|0.0|1627020616747|1669690342640|500|TIMESTAMP_DESCENDING
4646589465295334619|0.0|1627020616747|1669690342640|500|TIMESTAMP_DESCENDING
4646590289929051858|0.0|1627020616747|1669690342640|500|TIMESTAMP_DESCENDING
34903446867937640|0.0|1627020616747|1669690342640|500|TIMESTAMP_DESCENDING
34903446867946844|0.0|1627020616747|1669690342640|500|TIMESTAMP_DESCENDING
4646588915539511250|0.0|1627020616747|1669690342640|500|TIMESTAMP_DESCENDING
4646870940272044008|0.0|1627020616747|1669690342640|500|TIMESTAMP_DESCENDING
4646870940272037864|0.0|1627020616747|1669690342640|500|TIMESTAMP_DESCENDING
4646871764905755756|0.0|1627020616747|1669690342640|500|TIMESTAMP_DESCENDING
4646871490027857812|0.0|1627020616747|1669690342640|500|TIMESTAMP_DESCENDING
35184646966739775|0.0|1627020616747|1669690342640|500|TIMESTAMP_DESCENDING
4646870940272034924|0.0|1627020616747|1669690342640|500|TIMESTAMP_DESCENDING
35185196722557919|0.0|1627020616747|1669690342640|500|TIMESTAMP_DESCENDING
4646871215149953642|0.0|1627020616747|1669690342640|500|TIMESTAMP_DESCENDING
4646871764905767107|0.0|1627020616747|1669690342640|500|TIMESTAMP_DESCENDING
4646871215149952231|0.0|1627020616747|1669690342640|500|TIMESTAMP_DESCENDING
4646872314661576853|0.0|1627020616747|1669690342640|500|TIMESTAMP_DESCENDING
4646872314661575836|0.0|1627020616747|1669690342640|500|TIMESTAMP_DESCENDING
35185196722557455|0.0|1627020616747|1669690342640|500|TIMESTAMP_DESCENDING
35184372088834132|0.0|1627020616747|1669690342640|500|TIMESTAMP_DESCENDING
35465847065553169|0.0|1627020616747|1669690342640|500|TIMESTAMP_DESCENDING
4647152690126659012|0.0|1627020616747|1669690342640|500|TIMESTAMP_DESCENDING
4647153789638292164|0.0|1627020616747|1669690342640|500|TIMESTAMP_DESCENDING
35465847065550302|0.0|1627020616747|1669690342640|500|TIMESTAMP_DESCENDING
4647153514760380402|0.0|1627020616747|1669690342640|500|TIMESTAMP_DESCENDING
35465847065549188|0.0|1627020616747|1669690342640|500|TIMESTAMP_DESCENDING
4647153514760378837|0.0|1627020616747|1669690342640|500|TIMESTAMP_DESCENDING
35466121943457127|0.0|1627020616747|1669690342640|500|TIMESTAMP_DESCENDING
4647434165103362408|0.0|1627020616747|1669690342640|500|TIMESTAMP_DESCENDING
4647434165103373009|0.0|1627020616747|1669690342640|500|TIMESTAMP_DESCENDING
4647433340469650033|0.0|1627020616747|1669690342640|500|TIMESTAMP_DESCENDING
4647434439981272030|0.0|1627020616747|1669690342640|500|TIMESTAMP_DESCENDING
4647434989737092806|0.0|1627020616747|1669690342640|500|TIMESTAMP_DESCENDING
35747871798076247|0.0|1627020616747|1669690342640|500|TIMESTAMP_DESCENDING
4647433340469644479|0.0|1627020616747|1669690342640|500|TIMESTAMP_DESCENDING
4647434714859188271|0.0|1627020616747|1669690342640|500|TIMESTAMP_DESCENDING
4647434439981277990|0.0|1627020616747|1669690342640|500|TIMESTAMP_DESCENDING
4647435264614991923|0.0|1627020616747|1669690342640|500|TIMESTAMP_DESCENDING
4647434714859186585|0.0|1627020616747|1669690342640|500|TIMESTAMP_DESCENDING
4647434989737095852|0.0|1627020616747|1669690342640|500|TIMESTAMP_DESCENDING
4647434989737094347|0.0|1627020616747|1669690342640|500|TIMESTAMP_DESCENDING
4647433615347559061|0.0|1627020616747|1669690342640|500|TIMESTAMP_DESCENDING
4647434714859181118|0.0|1627020616747|1669690342640|500|TIMESTAMP_DESCENDING
35747871798068517|0.0|1627020616747|1669690342640|500|TIMESTAMP_DESCENDING
4647433340469646738|0.0|1627020616747|1669690342640|500|TIMESTAMP_DESCENDING
4647434165103363680|0.0|1627020616747|1669690342640|500|TIMESTAMP_DESCENDING
35748146675979470|0.0|1627020616747|1669690342640|500|TIMESTAMP_DESCENDING
35747322042254711|0.0|1627020616747|1669690342640|500|TIMESTAMP_DESCENDING
4647434714859176744|0.0|1627020616747|1669690342640|500|TIMESTAMP_DESCENDING
4647433615347557191|0.0|1627020616747|1669690342640|500|TIMESTAMP_DESCENDING
35747322042263501|0.0|1627020616747|1669690342640|500|TIMESTAMP_DESCENDING
4647434165103373919|0.0|1627020616747|1669690342640|500|TIMESTAMP_DESCENDING
4647434439981277337|0.0|1627020616747|1669690342640|500|TIMESTAMP_DESCENDING
4647715914957988304|0.0|1627020616747|1669690342640|500|TIMESTAMP_DESCENDING
4647716464713794825|0.0|1627020616747|1669690342640|500|TIMESTAMP_DESCENDING
4647714815446365119|0.0|1627020616747|1669690342640|500|TIMESTAMP_DESCENDING
4647715914957989111|0.0|1627020616747|1669690342640|500|TIMESTAMP_DESCENDING
4647714815446354038|0.0|1627020616747|1669690342640|500|TIMESTAMP_DESCENDING
36028797018970074|0.0|1627020616747|1669690342640|500|TIMESTAMP_DESCENDING
36028797018976232|0.0|1627020616747|1669690342640|500|TIMESTAMP_DESCENDING
36028797018970140|0.0|1627020616747|1669690342640|500|TIMESTAMP_DESCENDING
4647716464713800901|0.0|1627020616747|1669690342640|500|TIMESTAMP_DESCENDING
4647716739591705962|0.0|1627020616747|1669690342640|500|TIMESTAMP_DESCENDING
4647716464713796400|0.0|1627020616747|1669690342640|500|TIMESTAMP_DESCENDING
4647714815446353927|0.0|1627020616747|1669690342640|500|TIMESTAMP_DESCENDING
4647716464713803541|0.0|1627020616747|1669690342640|500|TIMESTAMP_DESCENDING
36029621652697240|0.0|1627020616747|1669690342640|500|TIMESTAMP_DESCENDING
4647715365202173107|0.0|1627020616747|1669690342640|500|TIMESTAMP_DESCENDING
4647716189835889802|0.0|1627020616747|1669690342640|500|TIMESTAMP_DESCENDING
4647714815446361029|0.0|1627020616747|1669690342640|500|TIMESTAMP_DESCENDING
36029621652685588|0.0|1627020616747|1669690342640|500|TIMESTAMP_DESCENDING
36029071896883775|0.0|1627020616747|1669690342640|500|TIMESTAMP_DESCENDING
4647714815446357593|0.0|1627020616747|1669690342640|500|TIMESTAMP_DESCENDING
36028797018964930|0.0|1627020616747|1669690342640|500|TIMESTAMP_DESCENDING
36311096629399473|0.0|1627020616747|1669690342640|500|TIMESTAMP_DESCENDING
4647997389934703030|0.0|1627020616747|1669690342640|500|TIMESTAMP_DESCENDING
36310271995679416|0.0|1627020616747|1669690342640|500|TIMESTAMP_DESCENDING
4647996290423064480|0.0|1627020616747|1669690342640|500|TIMESTAMP_DESCENDING
4647997115056789807|0.0|1627020616747|1669690342640|500|TIMESTAMP_DESCENDING
36310821751494954|0.0|1627020616747|1669690342640|500|TIMESTAMP_DESCENDING
36311096629398816|0.0|1627020616747|1669690342640|500|TIMESTAMP_DESCENDING
4647997664812604165|0.0|1627020616747|1669690342640|500|TIMESTAMP_DESCENDING
4647997115056789120|0.0|1627020616747|1669690342640|500|TIMESTAMP_DESCENDING
4647998214568418034|0.0|1627020616747|1669690342640|500|TIMESTAMP_DESCENDING
4647997389934697026|0.0|1627020616747|1669690342640|500|TIMESTAMP_DESCENDING
4647997115056788258|0.0|1627020616747|1669690342640|500|TIMESTAMP_DESCENDING
36310821751491986|0.0|1627020616747|1669690342640|500|TIMESTAMP_DESCENDING
36310821751501278|0.0|1627020616747|1669690342640|500|TIMESTAMP_DESCENDING
4647996840178884605|0.0|1627020616747|1669690342640|500|TIMESTAMP_DESCENDING
36591746972393538|0.0|1627020616747|1669690342640|500|TIMESTAMP_DESCENDING
36592296728207163|0.0|1627020616747|1669690342640|500|TIMESTAMP_DESCENDING
4648277765399778212|0.0|1627020616747|1669690342640|500|TIMESTAMP_DESCENDING
4648279139789312469|0.0|1627020616747|1669690342640|500|TIMESTAMP_DESCENDING
4648279139789315539|0.0|1627020616747|1669690342640|500|TIMESTAMP_DESCENDING
36592021850292273|0.0|1627020616747|1669690342640|500|TIMESTAMP_DESCENDING
36591746972392653|0.0|1627020616747|1669690342640|500|TIMESTAMP_DESCENDING
4648278864911400963|0.0|1627020616747|1669690342640|500|TIMESTAMP_DESCENDING
4648278040277683362|0.0|1627020616747|1669690342640|500|TIMESTAMP_DESCENDING
36592296728203418|0.0|1627020616747|1669690342640|500|TIMESTAMP_DESCENDING
4648279689545134715|0.0|1627020616747|1669690342640|500|TIMESTAMP_DESCENDING
36591746972389990|0.0|1627020616747|1669690342640|500|TIMESTAMP_DESCENDING
36592021850301057|0.0|1627020616747|1669690342640|500|TIMESTAMP_DESCENDING
4648278864911410038|0.0|1627020616747|1669690342640|500|TIMESTAMP_DESCENDING
4648279689545125825|0.0|1627020616747|1669690342640|500|TIMESTAMP_DESCENDING
4648277765399780893|0.0|1627020616747|1669690342640|500|TIMESTAMP_DESCENDING
4648560889643934351|0.0|1627020616747|1669690342640|500|TIMESTAMP_DESCENDING
36873221949108632|0.0|1627020616747|1669690342640|500|TIMESTAMP_DESCENDING
36873496827008952|0.0|1627020616747|1669690342640|500|TIMESTAMP_DESCENDING
4648561164521840905|0.0|1627020616747|1669690342640|500|TIMESTAMP_DESCENDING
36873221949098955|0.0|1627020616747|1669690342640|500|TIMESTAMP_DESCENDING
36874046582821804|0.0|1627020616747|1669690342640|500|TIMESTAMP_DESCENDING
4648559515254392734|0.0|1627020616747|1669690342640|500|TIMESTAMP_DESCENDING
4648561164521840135|0.0|1627020616747|1669690342640|500|TIMESTAMP_DESCENDING
4648560339888121160|0.0|1627020616747|1669690342640|500|TIMESTAMP_DESCENDING
36873771704911849|0.0|1627020616747|1669690342640|500|TIMESTAMP_DESCENDING
4648560065010217825|0.0|1627020616747|1669690342640|500|TIMESTAMP_DESCENDING
4648559790132311200|0.0|1627020616747|1669690342640|500|TIMESTAMP_DESCENDING
36873221949108103|0.0|1627020616747|1669690342640|500|TIMESTAMP_DESCENDING
4648560614766027817|0.0|1627020616747|1669690342640|500|TIMESTAMP_DESCENDING
4648559790132309855|0.0|1627020616747|1669690342640|500|TIMESTAMP_DESCENDING
4648560889643932436|0.0|1627020616747|1669690342640|500|TIMESTAMP_DESCENDING
37155246681625674|0.0|1627020616747|1669690342640|500|TIMESTAMP_DESCENDING
4648841814864822308|0.0|1627020616747|1669690342640|500|TIMESTAMP_DESCENDING
37155521559532200|0.0|1627020616747|1669690342640|500|TIMESTAMP_DESCENDING
4648840990231102290|0.0|1627020616747|1669690342640|500|TIMESTAMP_DESCENDING
4648842364620645281|0.0|1627020616747|1669690342640|500|TIMESTAMP_DESCENDING
4648841814864822909|0.0|1627020616747|1669690342640|500|TIMESTAMP_DESCENDING
37154971803722731|0.0|1627020616747|1669690342640|500|TIMESTAMP_DESCENDING
37154696925817815|0.0|1627020616747|1669690342640|500|TIMESTAMP_DESCENDING
37154696925816534|0.0|1627020616747|1669690342640|500|TIMESTAMP_DESCENDING
4648842639498554100|0.0|1627020616747|1669690342640|500|TIMESTAMP_DESCENDING
37154696925815519|0.0|1627020616747|1669690342640|500|TIMESTAMP_DESCENDING
4648840715353198191|0.0|1627020616747|1669690342640|500|TIMESTAMP_DESCENDING
4648840715353207879|0.0|1627020616747|1669690342640|500|TIMESTAMP_DESCENDING
37155521559539649|0.0|1627020616747|1669690342640|500|TIMESTAMP_DESCENDING
4648842364620646733|0.0|1627020616747|1669690342640|500|TIMESTAMP_DESCENDING
4648841539986924862|0.0|1627020616747|1669690342640|500|TIMESTAMP_DESCENDING
4648842089742741587|0.0|1627020616747|1669690342640|500|TIMESTAMP_DESCENDING
4648841814864835458|0.0|1627020616747|1669690342640|500|TIMESTAMP_DESCENDING
4649122740085719264|0.0|1627020616747|1669690342640|500|TIMESTAMP_DESCENDING
37436996536250017|0.0|1627020616747|1669690342640|500|TIMESTAMP_DESCENDING
37436171902528274|0.0|1627020616747|1669690342640|500|TIMESTAMP_DESCENDING
4649123839597348509|0.0|1627020616747|1669690342640|500|TIMESTAMP_DESCENDING
